-- phpMyAdmin SQL Dump
-- version 3.5.2.2
-- http://www.phpmyadmin.net
--
-- Host: 127.0.0.1
-- Generato il: Giu 09, 2017 alle 09:22
-- Versione del server: 5.5.27
-- Versione PHP: 5.4.7

SET SQL_MODE="NO_AUTO_VALUE_ON_ZERO";
SET time_zone = "+00:00";


/*!40101 SET @OLD_CHARACTER_SET_CLIENT=@@CHARACTER_SET_CLIENT */;
/*!40101 SET @OLD_CHARACTER_SET_RESULTS=@@CHARACTER_SET_RESULTS */;
/*!40101 SET @OLD_COLLATION_CONNECTION=@@COLLATION_CONNECTION */;
/*!40101 SET NAMES utf8 */;

--
-- Database: `gestione_finanziaria`
--

-- --------------------------------------------------------

--
-- Struttura della tabella `an_tributi`
--

CREATE TABLE IF NOT EXISTS `an_tributi` (
  `id_tributo` int(11) NOT NULL AUTO_INCREMENT,
  `cod_tributo` int(11) NOT NULL DEFAULT '0',
  `descrizione_tributo` varchar(255) NOT NULL DEFAULT '',
  PRIMARY KEY (`id_tributo`)
) ENGINE=MyISAM  DEFAULT CHARSET=latin1 AUTO_INCREMENT=18 ;

--
-- Dump dei dati per la tabella `an_tributi`
--

INSERT INTO `an_tributi` (`id_tributo`, `cod_tributo`, `descrizione_tributo`) VALUES
(1, 4001, 'saldo IRPEF'),
(2, 4033, 'IRPEF acconto - prima rata'),
(3, 4034, 'IRPEF acconto - seconda rata'),
(4, 3800, 'IRAP - saldo'),
(5, 3801, 'addizionare regionale IRPEF'),
(6, 3812, 'IRAP acconto prima rata'),
(7, 3817, 'addizionale comunale IRPEF'),
(8, 6035, 'Versamento IVA acconto'),
(9, 6031, 'Versamento IVA trimestrale 1 trimestre'),
(10, 8100, 'INPS'),
(11, 6032, 'Versamento IVA trimestrale 2 trimestre'),
(12, 6099, 'Versamento IVA sulla base della dichiarazione annuale'),
(13, 6033, 'Versamento IVA trimestrale 3 trimestre'),
(14, 3813, 'IRAP acconto seconda rata'),
(15, 3861, 'Addizionale comunale all''IRPEF - Acconto'),
(16, 3843, 'Addizionale comunale IRPEF - Acconto'),
(17, 3844, 'Addizionale comunale IRPEF - Saldo');

-- --------------------------------------------------------

--
-- Struttura della tabella `descrizione_attivita`
--

CREATE TABLE IF NOT EXISTS `descrizione_attivita` (
  `id_attivita` int(11) NOT NULL AUTO_INCREMENT,
  `descrizione` varchar(255) NOT NULL DEFAULT '',
  `default_descrizione` int(1) NOT NULL DEFAULT '0',
  PRIMARY KEY (`id_attivita`)
) ENGINE=MyISAM  DEFAULT CHARSET=latin1 AUTO_INCREMENT=2 ;

--
-- Dump dei dati per la tabella `descrizione_attivita`
--

INSERT INTO `descrizione_attivita` (`id_attivita`, `descrizione`, `default_descrizione`) VALUES
(1, 'Consulenza Powertrain', 1);

-- --------------------------------------------------------

--
-- Struttura della tabella `dettaglio_fattura`
--

CREATE TABLE IF NOT EXISTS `dettaglio_fattura` (
  `id_dettaglio` int(11) NOT NULL AUTO_INCREMENT,
  `fattura_id` int(11) NOT NULL DEFAULT '0',
  `descrizione` varchar(255) NOT NULL DEFAULT '',
  `qta` int(3) NOT NULL DEFAULT '0',
  `unita_misura_qta` int(1) NOT NULL DEFAULT '0',
  `tariffa` float(10,2) NOT NULL DEFAULT '0.00',
  `dettaglio_fattura_time_stamp` timestamp NOT NULL DEFAULT CURRENT_TIMESTAMP ON UPDATE CURRENT_TIMESTAMP,
  PRIMARY KEY (`id_dettaglio`)
) ENGINE=MyISAM  DEFAULT CHARSET=latin1 AUTO_INCREMENT=388 ;

--
-- Dump dei dati per la tabella `dettaglio_fattura`
--

INSERT INTO `dettaglio_fattura` (`id_dettaglio`, `fattura_id`, `descrizione`, `qta`, `unita_misura_qta`, `tariffa`, `dettaglio_fattura_time_stamp`) VALUES
(20, 24, 'Consulenza  Powertrain', 21, 1, 233.00, '2004-08-25 13:30:55'),
(18, 22, 'Consulenza  Powertrain', 21, 1, 233.00, '2004-08-25 12:38:04'),
(21, 25, 'Consulenza  Powertrain', 20, 1, 233.00, '2004-08-25 13:32:43'),
(14, 18, 'Consulenza  Powertrain', 18, 1, 233.00, '2004-08-25 10:04:10'),
(16, 20, 'Consulenza  Powertrain', 20, 1, 233.00, '2004-08-25 10:15:48'),
(17, 21, 'Consulenza  Powertrain', 22, 1, 233.00, '2004-08-25 10:16:42'),
(22, 26, 'Consulenza  Powertrain', 22, 1, 233.00, '2004-08-25 13:33:33'),
(23, 27, 'Consulenza  Powertrain', 10, 1, 233.00, '2004-08-25 13:34:39'),
(24, 28, 'Consulenza  Powertrain', 19, 1, 233.00, '2004-08-25 13:36:29'),
(25, 29, 'Consulenza  Powertrain', 20, 1, 233.00, '2004-08-25 13:37:10'),
(26, 30, 'Consulenza  Powertrain', 20, 1, 233.00, '2004-08-25 13:44:07'),
(27, 31, 'Consulenza  Powertrain', 20, 1, 233.00, '2004-08-25 13:44:42'),
(28, 32, '', 0, 0, 0.00, '2004-08-25 13:50:38'),
(29, 33, 'Consulenza  Powertrain', 21, 1, 233.00, '2004-08-25 13:53:34'),
(30, 34, 'Consulenza  Powertrain', 19, 1, 233.00, '2004-08-25 13:55:29'),
(31, 35, 'Consulenza  Powertrain', 23, 1, 233.00, '2004-08-25 13:56:02'),
(32, 36, 'Consulenza  Powertrain', 6, 1, 233.00, '2004-08-25 13:57:51'),
(33, 37, 'Consulenza  Powertrain', 22, 1, 233.00, '2004-08-25 13:59:02'),
(34, 38, 'Consulenza  Powertrain', 23, 1, 233.00, '2004-08-25 13:59:47'),
(35, 39, 'Consulenza  Powertrain', 20, 1, 233.00, '2004-08-25 14:01:08'),
(36, 40, 'Consulenza  Powertrain', 11, 1, 233.00, '2004-08-25 14:01:58'),
(37, 41, 'Consulenza  Powertrain', 22, 1, 233.00, '2004-09-30 08:33:54'),
(38, 42, 'Consulenza  Powertrain', 13, 1, 232.41, '2004-10-03 20:26:00'),
(39, 42, 'Consulenza  Powertrain', 0, 1, 232.41, '2004-10-03 20:26:00'),
(40, 42, 'Consulenza CST', 0, 1, 232.41, '2004-10-03 20:26:00'),
(41, 42, 'arrotondamento - vedi fattura originale', 1, 1, 0.01, '2004-10-03 20:26:00'),
(42, 43, 'Consulenza  Powertrain', 18, 1, 233.00, '2004-10-03 20:28:00'),
(43, 43, 'Consulenza  Powertrain', 2, 1, 233.00, '2004-10-03 20:28:00'),
(44, 44, 'Consulenza  Powertrain', 12, 1, 233.00, '2004-10-03 20:30:57'),
(45, 45, 'Consulenza  Powertrain', 21, 1, 233.00, '2004-10-29 07:01:11'),
(46, 46, 'Consulenza  progetto SAI NSS', 8, 1, 232.41, '2004-11-18 14:05:45'),
(47, 46, 'Consulenza  progetto SAI NSS', 3, 1, 29.05, '2004-11-18 14:05:45'),
(48, 47, 'Consulenza  progetto SAI NSS', 20, 1, 232.41, '2004-11-18 14:06:42'),
(49, 48, 'Consulenza  progetto SAI NSS', 20, 1, 232.41, '2004-11-18 14:12:48'),
(50, 49, 'Consulenza  progetto SAI NSS', 20, 1, 232.41, '2004-11-18 14:15:55'),
(51, 49, 'Consulenza  progetto SAI NSS', 3, 2, 29.05, '2004-11-18 14:15:55'),
(52, 50, 'Consulenza  progetto SAI NSS', 22, 1, 232.41, '2004-11-18 14:18:27'),
(53, 51, 'Consulenza progetto SIRA', 18, 1, 180.76, '2004-11-18 14:29:18'),
(54, 51, 'Consulenza progetto SIRA', 4, 1, 22.59, '2004-11-18 14:29:18'),
(55, 52, 'Consulenza  progetto Rami Elementari', 13, 1, 180.76, '2004-11-18 14:36:31'),
(56, 53, 'Consulenza Rami Elementari', 22, 1, 180.76, '2004-11-18 14:41:03'),
(57, 54, 'Consulenza Rami Elementari', 21, 1, 180.76, '2004-11-18 14:42:26'),
(58, 55, 'Consulenza Rami Elementari', 23, 1, 180.76, '2004-11-18 14:44:37'),
(59, 56, 'Consulenza Rami Elementari', 8, 1, 180.76, '2004-11-18 14:46:07'),
(60, 57, 'Consulenza  progetto Rami Elementari', 13, 1, 180.76, '2004-11-18 14:53:09'),
(61, 57, 'Consulenza progetto SIRA', 4, 1, 180.76, '2004-11-18 14:53:09'),
(62, 57, 'Consulenza progetto SIRA', 4, 2, 22.59, '2004-11-18 14:53:09'),
(63, 58, 'Consulenza SAP', 30, 1, 144.61, '2004-11-18 15:09:51'),
(64, 58, 'Consulenza SAP', 4, 2, 18.08, '2004-11-18 15:09:51'),
(65, 58, 'Rimborso settimanale', 2, 1, 129.11, '2004-11-18 15:09:51'),
(66, 59, 'Consulenza SAP', 16, 1, 180.76, '2004-11-18 15:11:02'),
(68, 61, 'Consulenza SAP', 23, 1, 144.61, '2004-11-18 15:17:46'),
(69, 62, 'Consulenza SAP', 15, 1, 144.61, '2004-11-18 15:18:51'),
(70, 63, 'Consulenza SAP', 179, 2, 18.07, '2004-11-18 15:22:13'),
(71, 64, 'Consulenza SAP', 22, 1, 144.61, '2004-11-18 15:23:23'),
(72, 65, 'Consulenza SAP', 15, 1, 165.27, '2004-11-18 15:25:02'),
(73, 66, 'Consulenza SAP', 12, 1, 165.27, '2004-11-18 15:26:46'),
(74, 67, 'Consulenza SAP', 21, 1, 165.27, '2004-11-18 15:31:06'),
(75, 68, 'Consulenza SAP', 10, 1, 165.27, '2004-11-18 15:32:52'),
(76, 68, 'Consulenza SAP', 7, 1, 173.01, '2004-11-18 15:32:52'),
(77, 69, 'Consulenza SAP', 19, 1, 173.01, '2004-11-18 15:34:22'),
(78, 69, 'Consulenza SAP', 6, 2, 21.63, '2004-11-18 15:34:22'),
(79, 70, 'Consulenza SAP', 13, 1, 173.01, '2004-11-18 15:36:10'),
(80, 70, 'Consulenza SAP', 6, 2, 21.63, '2004-11-18 15:36:10'),
(82, 72, 'Consulenza Powertrain', 21, 1, 233.00, '2004-11-30 07:49:01'),
(83, 73, 'Consulenza Powertrain', 15, 1, 233.00, '2004-12-23 08:00:38'),
(84, 74, 'Consulenza Powertrain', 12, 1, 233.00, '2005-01-27 13:55:27'),
(85, 75, 'Consulenza Powertrain', 20, 1, 233.00, '2005-02-28 07:56:34'),
(86, 76, 'Consulenza Powertrain', 22, 1, 233.00, '2005-03-31 07:13:00'),
(87, 77, 'Consulenza Powertrain', 20, 1, 233.00, '2005-04-29 07:00:21'),
(88, 78, 'Consulenza Powertrain', 22, 1, 233.00, '2005-05-31 07:20:09'),
(90, 80, 'Consulenza Powertrain', 15, 1, 233.00, '2005-06-30 09:49:42'),
(91, 81, 'Consulenza Powertrain', 21, 1, 233.00, '2005-07-29 06:59:45'),
(92, 82, 'Consulenza Powertrain', 10, 1, 233.00, '2005-08-26 07:15:06'),
(93, 83, 'Consulenza Powertrain', 22, 1, 233.00, '2005-09-30 06:57:05'),
(94, 84, 'Consulenza Powertrain', 19, 1, 233.00, '2005-10-28 07:24:02'),
(95, 85, 'Vendita computer Acer 1501LMi', 1, 1, 83.34, '2005-11-19 14:21:26'),
(96, 85, 'Serial Number:', 0, 1, 0.00, '2005-11-19 14:21:26'),
(97, 85, 'LXA1605002410C07C9M000', 0, 1, 0.00, '2005-11-19 14:21:26'),
(98, 85, 'Come visto e piaciuto nello stato di fatto in cui si trova', 0, 1, 0.00, '2005-11-19 14:21:26'),
(99, 86, 'Consulenza Powertrain', 21, 1, 233.00, '2005-11-30 07:57:13'),
(100, 87, 'Consulenza Powertrain', 15, 1, 233.00, '2005-12-23 08:39:09'),
(101, 88, 'Consulenza Powertrain', 20, 1, 233.00, '2006-01-31 08:41:16'),
(102, 89, 'Consulenza Powertrain', 20, 1, 233.00, '2006-02-28 08:04:36'),
(103, 90, 'Consulenza Powertrain', 23, 1, 233.00, '2006-03-31 06:59:13'),
(104, 91, 'Consulenza Powertrain', 16, 1, 233.00, '2006-04-28 07:07:57'),
(105, 92, 'Consulenza Powertrain', 21, 1, 233.00, '2006-05-31 07:19:22'),
(111, 97, 'Computer assemblato Computercity, monitor', 1, 3, 200.00, '2006-06-25 14:21:29'),
(112, 97, 'Acer LCD AL1731, stampante HP G55', 0, 3, 0.00, '2006-06-25 14:21:29'),
(113, 97, 'come visto e piaciuto nello stato di fatto in cui si', 0, 3, 0.00, '2006-06-25 14:43:01'),
(114, 97, 'trova', 0, 3, 0.00, '2006-06-25 14:43:37'),
(115, 98, 'Consulenza Powertrain', 21, 1, 233.00, '2006-06-30 06:44:54'),
(116, 99, 'Consulenza Powertrain', 20, 1, 233.00, '2006-07-28 06:44:54'),
(117, 100, 'Consulenza Powertrain', 7, 1, 233.00, '2006-08-29 06:58:46'),
(118, 101, 'Consulenza Powertrain', 21, 1, 233.00, '2006-09-29 06:59:56'),
(119, 102, 'Consulenza Powertrain', 22, 1, 233.00, '2006-10-31 07:45:46'),
(120, 103, 'Consulenza Powertrain', 21, 1, 233.00, '2006-11-30 09:01:22'),
(121, 104, 'Consulenza Powertrain', 15, 1, 233.00, '2006-12-22 07:54:07'),
(122, 105, 'Consulenza Powertrain', 15, 1, 233.00, '2007-01-31 08:11:26'),
(123, 106, 'Consulenza Powertrain', 20, 1, 233.00, '2007-02-28 08:19:15'),
(124, 107, 'Consulenza Powertrain', 22, 1, 233.00, '2007-03-30 06:53:47'),
(126, 109, 'Consulenza Powertrain', 17, 1, 233.00, '2007-04-27 07:45:54'),
(127, 110, 'Consulenza Powertrain 	', 21, 1, 233.00, '2007-05-31 07:50:33'),
(128, 111, 'Consulenza Powertrain', 21, 1, 233.00, '2007-06-29 09:59:21'),
(129, 112, 'Consulenza Powertrain', 22, 1, 233.00, '2007-07-31 06:47:35'),
(130, 113, 'Consulenza Powertrain', 7, 1, 233.00, '2007-08-31 07:27:35'),
(131, 114, 'Consulenza Powertrain 	', 20, 1, 233.00, '2007-09-28 07:18:04'),
(133, 115, 'Consulenza Powertrain', 22, 1, 233.00, '2007-10-31 07:51:36'),
(134, 116, 'Consulenza Powertrain 	', 20, 1, 233.00, '2007-11-30 07:58:41'),
(135, 117, 'Consulenza Powertrain', 15, 1, 233.00, '2007-12-21 08:11:27'),
(140, 122, 'Consulenza Powertrain', 22, 1, 233.00, '2008-01-31 08:24:56'),
(141, 123, 'Consulenza Powertrain', 20, 1, 233.00, '2008-02-29 08:53:32'),
(142, 124, 'Consulenza Powertrain 	', 17, 1, 233.00, '2008-03-31 16:00:56'),
(143, 125, 'Consulenza Powertrain', 18, 1, 233.00, '2008-04-30 07:12:19'),
(145, 126, 'Consulenza Powertrain', 20, 1, 233.00, '2008-05-30 07:53:56'),
(146, 127, 'Consulenza Powertrain', 19, 1, 233.00, '2008-06-30 07:43:07'),
(147, 128, 'Consulenza Powertrain 	', 21, 1, 233.00, '2008-07-31 09:18:25'),
(148, 129, 'Consulenza Powertrain', 5, 1, 233.00, '2008-08-28 15:12:36'),
(149, 130, 'Consulenza Powertrain', 13, 1, 233.00, '2008-09-17 07:11:12'),
(150, 131, 'Consulenza Powertrain', 16, 1, 233.00, '2008-10-30 09:56:46'),
(151, 132, 'Consulenza Powertrain', 19, 1, 233.00, '2008-11-28 08:25:28'),
(152, 133, 'Consulenza Powertrain', 13, 1, 233.00, '2008-12-20 13:40:26'),
(153, 134, 'Consulenza Powertrain', 15, 1, 233.00, '2009-01-30 07:49:26'),
(155, 136, 'Consulenza Powertrain', 21, 1, 233.00, '2009-02-27 17:59:53'),
(156, 137, 'Consulenza Powertrain', 22, 1, 233.00, '2009-03-31 09:26:02'),
(157, 138, 'Consulenza Powertrain', 20, 1, 233.00, '2009-04-30 06:36:18'),
(158, 139, 'Consulenza Powertrain', 20, 1, 233.00, '2009-05-29 09:19:03'),
(160, 141, 'Consulenza Powertrain', 18, 1, 233.00, '2009-07-01 09:28:19'),
(161, 142, 'Consulenza Powertrain', 22, 1, 233.00, '2009-07-31 06:37:39'),
(168, 147, 'Consulenza Powertrain', 20, 1, 233.00, '2009-11-30 07:44:52'),
(170, 144, 'Consulenza Powertrain', 19, 1, 233.00, '2009-12-28 14:22:20'),
(165, 145, 'Consulenza Powertrain', 5, 1, 233.00, '2009-10-28 11:19:29'),
(167, 146, 'Consulenza Powertrain', 22, 1, 233.00, '2009-10-30 09:46:59'),
(172, 148, 'Consulenza Powertrain', 12, 1, 233.00, '2009-12-28 14:58:33'),
(175, 149, 'Consulenza Powertrain', 15, 1, 233.00, '2010-01-29 07:59:08'),
(176, 151, 'Consulenza Powertrain', 19, 1, 233.00, '2010-02-26 08:35:04'),
(192, 154, 'Consulenza Powertrain', 4, 2, 29.12, '2010-03-31 07:10:53'),
(191, 154, 'Consulenza Powertrain', 23, 1, 233.00, '2010-03-31 07:10:53'),
(199, 156, 'Consulenza Powertrain', 20, 1, 233.00, '2010-05-02 15:16:37'),
(198, 156, 'Consulenza Powertrain', 4, 2, 29.12, '2010-05-02 15:16:37'),
(200, 157, 'Consulenza Powertrain', 21, 1, 233.00, '2010-05-31 06:28:14'),
(201, 158, 'cessione autovettura golf 1.6 targata CM107HY', 1, 1, 6700.00, '2010-06-15 09:04:15'),
(202, 159, 'Consulenza Powertrain', 17, 1, 233.00, '2010-06-30 14:11:30'),
(203, 160, 'Consulenza Powertrain', 21, 1, 233.00, '2010-07-30 07:33:30'),
(204, 161, 'Consulenza Powertrain', 15, 1, 233.00, '2010-08-31 14:29:44'),
(205, 162, 'Consulenza Powertrain', 19, 1, 233.00, '2010-09-30 06:30:31'),
(206, 163, 'Cessione computer Acer tm292elmi e nb sm40x-128 toshiba', 1, 1, 10.00, '2010-10-27 10:38:45'),
(207, 163, 'come visti e piaciuti nello stato di fatto in cui si trovano', 0, 1, 0.00, '2010-10-27 10:38:45'),
(208, 164, 'Consulenza Powertrain', 20, 1, 233.00, '2010-10-31 19:06:30'),
(209, 165, 'Consulenza Powertrain', 16, 1, 233.00, '2010-11-30 08:16:56'),
(210, 166, 'Consulenza Powertrain', 15, 1, 233.00, '2010-12-23 14:02:47'),
(214, 167, 'Consulenza Powertrain', 16, 1, 233.00, '2011-01-31 07:51:09'),
(215, 170, 'Consulenza Powertrain', 20, 1, 233.00, '2011-02-28 08:55:27'),
(222, 175, 'Consulenza - Rif. contratto BlTm-Sou-11017', 20, 1, 233.00, '2011-03-31 20:12:03'),
(223, 176, 'Consulenza - Rif. contratto BlTm-Sou-11039', 19, 1, 233.00, '2011-04-28 16:01:17'),
(224, 177, 'Consulenza - Rif. contratto BlTm-Sou-11039', 20, 1, 233.00, '2011-05-31 07:28:21'),
(225, 178, 'Consulenza - Rif. contratto BlTm-Sou-11039', 20, 1, 233.00, '2011-06-30 09:55:21'),
(226, 179, 'Cessione macchina fotografica Canon Ixus', 1, 1, 10.00, '2011-09-29 08:33:52'),
(227, 180, 'Consulenza Powertrain', 22, 1, 233.00, '2011-09-30 08:01:52'),
(228, 181, 'Consulenza - Rif. contratto BlTm-Sou-11126', 19, 1, 233.00, '2011-10-31 07:27:55'),
(229, 182, 'Consulenza - Rif. contratto BlTm-Sou-11126', 22, 1, 233.00, '2011-11-30 20:42:53'),
(230, 183, 'Consulenza - Rif. contratto BlTm-Sou-11126', 15, 1, 233.00, '2011-12-30 08:18:14'),
(231, 184, 'Consulenza Powertrain', 21, 1, 233.00, '2012-01-31 17:38:30'),
(236, 186, 'Consulenza - Rif. contratto  1200044', 4, 2, 29.13, '2012-03-01 14:23:54'),
(235, 186, 'Consulenza - Rif. contratto  1200044', 22, 1, 233.00, '2012-03-01 14:23:54'),
(237, 187, 'Consulenza - Rif. contratto BLU-SOU-1200044', 19, 1, 233.00, '2012-03-30 09:05:01'),
(240, 187, 'Consulenza - Rif. contratto BLU-SOU-1200121', 18, 1, 233.00, '2012-05-01 10:06:54'),
(241, 189, 'Consulenza - Rif. contratto BLU-SOU-1200121', 18, 1, 233.00, '2012-05-01 10:16:58'),
(242, 190, 'Consulenza - Rif. contratto BLU-SOU-1200121', 22, 1, 233.00, '2012-05-31 07:37:33'),
(243, 191, 'Consulenza - Rif. contratto BLU-SOU-1200121', 14, 1, 233.00, '2012-06-29 09:37:55'),
(244, 191, 'Consulenza - Rif. contratto BLU-SOU-1200121', 4, 2, 29.13, '2012-06-29 09:37:55'),
(245, 192, 'Consulenza - Rif. contratto BLU-SOU-1200206', 22, 1, 233.00, '2012-08-07 18:48:15'),
(246, 193, 'Consulenza - Rif. contratto BLU-SOU-1200206', 18, 1, 233.00, '2012-08-28 07:05:44'),
(248, 194, 'Consulenza - Rif. contratto BLU-SOU-1200302', 8, 1, 233.00, '2012-10-01 12:46:35'),
(249, 195, 'Consulenza - Rif. contratto BLU-SOU-1200302', 22, 1, 233.00, '2012-11-02 07:28:20'),
(250, 196, 'Consulenza - Rif. contratto BLU-SOU-1200302', 19, 1, 233.00, '2012-12-01 13:56:13'),
(251, 197, 'Consulenza - Rif. contratto BLU-SOU-1200302', 18, 1, 233.00, '2012-12-31 07:56:49'),
(253, 199, 'Consulenza - Rif. contratto BLU-SOU-1300031', 18, 1, 233.00, '2013-01-31 15:36:48'),
(257, 202, 'Consulenza - Rif. contratto BLU-SOU-1300031', 14, 1, 233.00, '2013-03-01 19:58:41'),
(259, 204, 'Consulenza - Rif. contratto BLU-SOU-1300031', 21, 1, 233.00, '2013-03-30 15:48:46'),
(260, 205, 'Consulenza - Rif. contratto BLU-SOU-1300031', 18, 1, 233.00, '2013-05-01 19:10:48'),
(261, 206, 'Consulenza - Rif. contratto BLU-SOU-1300031', 19, 1, 233.00, '2013-06-01 13:47:52'),
(271, 210, 'Consulenza - Rif. contratto BLU-SOU-1300031', 4, 2, 29.13, '2013-06-30 19:36:00'),
(270, 210, 'Consulenza - Rif. contratto BLU-SOU-1300031', 17, 1, 233.00, '2013-06-30 19:36:00'),
(273, 211, 'Consulenza - Rif. contratto BLU-SOU-1300251', 20, 1, 233.00, '2013-08-07 08:58:36'),
(274, 212, 'Consulenza - Rif. contratto BLU-SOU-1300251', 9, 1, 233.00, '2013-09-02 18:58:40'),
(275, 213, 'Consulenza - Rif. contratto BLU-SOU-1300251', 18, 1, 233.00, '2013-09-30 06:36:27'),
(280, 215, 'Consulenza - Rif. contratto BLU-SOU-1300251', 21, 1, 233.00, '2013-11-01 10:14:36'),
(281, 216, 'Consulenza - Rif. contratto BLU-SOU-1300251', 19, 1, 233.00, '2013-11-29 14:51:23'),
(282, 217, 'Consulenza - Rif. contratto BLU-SOU-1300251', 20, 1, 233.00, '2013-12-31 10:53:46'),
(320, 226, 'Consulenza - Rif. contratto BLU-SOU-1400079', 4, 1, 243.00, '2014-02-04 18:10:59'),
(321, 227, 'Consulenza - Rif. contratto BLU-SOU-1400079', 16, 1, 243.00, '2014-03-02 10:46:22'),
(322, 228, 'Consulenza - Rif. contratto BLU-SOU-1400079', 16, 1, 243.00, '2014-03-31 18:16:04'),
(323, 229, 'Consulenza - Rif. contratto BLU-SOU-1400079', 17, 1, 243.00, '2014-05-01 09:54:57'),
(326, 230, 'Supporto sviluppo App Mobile Lucky Score', 1, 1, 5500.00, '2014-05-26 13:53:29'),
(327, 231, 'Consulenza - Rif. contratto BLU-SOU-1400079  ', 17, 1, 243.00, '2014-05-31 09:02:46'),
(328, 232, 'vedi cartaceo vero', 1, 1, -5500.00, '2014-05-31 09:15:27'),
(329, 233, 'Consulenza - Rif. contratto BLU-SOU-1400079 ', 15, 1, 243.00, '2014-06-30 07:56:50'),
(330, 234, 'Consulenza - Rif. contratto BLUIT-SOU-1400327', 17, 1, 243.00, '2014-07-31 06:50:44'),
(331, 235, 'Consulenza - Rif. contratto BLUIT-SOU-1400327', 20, 1, 243.00, '2014-08-29 06:32:03'),
(332, 236, 'Consulenza - Rif. contratto BLUIT-SOU-1400327', 5, 1, 243.00, '2014-09-30 06:43:07'),
(333, 237, 'Consulenza - Rif. contratto BLUIT-SOU-1400327', 15, 1, 243.00, '2014-10-31 07:24:21'),
(334, 238, 'Consulenza - Rif. contratto BLUIT-SOU-1400327', 16, 1, 243.00, '2014-11-28 08:04:09'),
(342, 239, 'Fornitura contenuti video e immagini per servizi Mobile', 1, 1, 5500.00, '2014-12-22 14:24:01'),
(343, 240, 'Consulenza - Rif. contratto BLUIT-SOU-1400327', 17, 1, 243.00, '2014-12-31 07:28:37'),
(344, 241, 'BLUIT-SOU-1400575', 11, 1, 243.00, '2015-01-31 10:53:18'),
(346, 243, 'vedi cartaceo vero', 1, 1, -6710.00, '2015-01-31 15:14:45'),
(348, 244, 'BLUIT-SOU-1400575', 16, 1, 243.00, '2015-02-28 10:32:52'),
(349, 245, 'BLUIT-SOU-1400575', 17, 1, 243.00, '2015-03-31 16:47:42'),
(351, 246, 'BLUIT-SOU-1400575', 19, 1, 243.00, '2015-05-01 09:49:16'),
(352, 247, 'BLUIT-SOU-1400575', 15, 1, 243.00, '2015-05-31 09:31:47'),
(354, 248, 'BLUIT-SOU-1400575', 15, 1, 243.00, '2015-07-01 07:46:52'),
(355, 249, 'Consulenza', 18, 1, 243.00, '2015-08-01 09:14:47'),
(356, 250, 'BLUIT-SOU-1500365', 5, 1, 243.00, '2015-09-07 09:38:39'),
(358, 251, 'BLUIT-SOU-1500365', 14, 1, 243.00, '2015-10-01 07:27:37'),
(359, 252, 'BLUIT-SOU-1500498', 18, 1, 243.00, '2015-11-01 10:49:22'),
(360, 253, 'BLUIT-SOU-1500498', 15, 1, 243.00, '2015-12-01 13:45:31'),
(361, 254, 'BLUIT-SOU-1500498', 16, 1, 243.00, '2015-12-31 08:47:25'),
(362, 254, 'BLUIT-SOU-1500498', 4, 2, 30.38, '2015-12-31 08:47:25'),
(363, 255, 'BLUIT-SOU-1500498', 12, 1, 243.00, '2016-01-10 10:33:39'),
(364, 256, 'BLUIT-SOU-1500365', 4, 1, 243.00, '2016-01-10 10:34:31'),
(366, 257, 'BLUIT-SOU-1400575', 4, 2, 30.38, '2016-01-10 10:44:58'),
(367, 258, 'BLUIT-SOU-1600086', 12, 1, 243.00, '2016-01-31 11:04:56'),
(369, 259, 'BLUIT-SOU-1600086', 14, 1, 243.00, '2016-03-02 12:52:44'),
(370, 260, 'BLUIT-SOU-1600086', 12, 1, 243.00, '2016-04-02 09:55:09'),
(371, 261, 'BLUIT-SOU-1600202', 16, 1, 243.00, '2016-05-04 20:04:30'),
(372, 262, 'BLUIT-SOU-1600202', 16, 1, 243.00, '2016-06-02 08:49:20'),
(373, 263, 'BLUIT-SOU-1600202', 16, 1, 243.00, '2016-07-01 19:33:45'),
(377, 266, 'BLUIT-SOU-1600413', 4, 1, 243.00, '2016-09-01 08:50:27'),
(376, 265, 'BLUIT-SOU-1600413', 17, 1, 243.00, '2016-08-01 07:34:57'),
(378, 267, 'BLUIT-SOU-1600413', 16, 1, 243.00, '2016-10-02 08:50:36'),
(379, 268, 'BLUIT-SOU-1600571', 8, 1, 243.00, '2016-10-31 16:04:38'),
(380, 269, 'BLUIT-SOU-1600571', 8, 1, 243.00, '2016-12-02 07:15:06'),
(381, 270, 'BLUIT-SOU-1600571', 8, 1, 243.00, '2017-01-02 12:35:44'),
(383, 271, 'BLUIT-SOU-1700111', 7, 1, 243.00, '2017-02-01 13:42:31'),
(384, 272, 'BLUIT-SOU-1700111', 8, 1, 243.00, '2017-03-03 08:24:41'),
(385, 273, 'BLUIT-SOU-1700111', 9, 1, 243.00, '2017-03-31 15:58:32'),
(386, 274, 'BLUIT-SOU-1700300', 3, 1, 243.00, '2017-05-03 07:11:29'),
(387, 275, 'BLUIT-SOU-1700300  ', 5, 1, 243.00, '2017-05-31 13:43:13');

-- --------------------------------------------------------

--
-- Struttura della tabella `ditte`
--

CREATE TABLE IF NOT EXISTS `ditte` (
  `id_ditta` int(11) NOT NULL AUTO_INCREMENT,
  `denominazione` varchar(255) NOT NULL DEFAULT '',
  `indirizzo` varchar(255) NOT NULL DEFAULT '',
  `cap` int(5) DEFAULT NULL,
  `citta` varchar(255) NOT NULL DEFAULT '',
  `cf` varchar(16) DEFAULT NULL,
  `piva` varchar(11) NOT NULL DEFAULT '0',
  `default_immissione` int(1) NOT NULL DEFAULT '0',
  `ditte_time_stamp` timestamp NOT NULL DEFAULT CURRENT_TIMESTAMP ON UPDATE CURRENT_TIMESTAMP,
  PRIMARY KEY (`id_ditta`)
) ENGINE=MyISAM  DEFAULT CHARSET=latin1 AUTO_INCREMENT=37 ;

--
-- Dump dei dati per la tabella `ditte`
--

INSERT INTO `ditte` (`id_ditta`, `denominazione`, `indirizzo`, `cap`, `citta`, `cf`, `piva`, `default_immissione`, `ditte_time_stamp`) VALUES
(0, 'Brandone Massimo', 'Via Amendola 12', 10023, 'Chieri', 'BRNMSM68M30L219A', '07819410015', 0, '2014-01-21 14:05:38'),
(2, 'Axcel S.r.l.', 'Via dei Quartieri 10', 10122, 'Torino', NULL, '07994920010', 0, '2006-10-26 07:11:23'),
(3, 'BLUE Reply S.r.l.', 'C.so Francia 110', 10100, 'Torino', '08103530013', '08103530013', 0, '2009-12-28 14:54:23'),
(7, 'CLUSTER Reply S.r.l.', 'C.so Francia 110', 10100, 'Torino', '', '06911390018', 0, '2004-11-19 23:32:14'),
(8, 'TECHNE S.r.l.', 'Via S. Clemente 22', 10100, 'Torino', '', '06159630018', 0, '2004-11-18 15:02:49'),
(28, 'Rossi Alessandro', 'Via Brandizzo 77', 10154, 'Torino', 'RSSLSN82T27L219K', '', 0, '2005-11-19 14:17:00'),
(29, 'Borelli Giorgio', 'via XXV Aprile n. 97', 13037, 'Serravalle Sesia (VC)', '', '02209900022', 0, '2006-06-24 14:30:54'),
(30, 'Axcel S.r.l.', 'Via Postiglione 14', 10024, 'Moncalieri (TO)', NULL, '07994920010', 0, '2007-12-20 07:58:29'),
(31, 'Axcel S.r.l.', 'Via Cardinal Massaia 71', 10147, 'Torino', NULL, '07994920010', 0, '2008-01-31 08:17:10'),
(1, 'Brandone Massimo', 'Via Bainsizza 20/4', 10137, 'Torino', 'BRNMSM68M30L219A', '07819410015', 0, '2008-10-10 06:48:35'),
(4, 'BLUE Reply S.r.l.', ' Via Cardinal Massaia 71', 10143, 'Torino', '08103530013', '08103530013', 2, '2009-12-28 14:57:37'),
(32, 'Camparo Auto S.r.l.', 'Via dell''automobile 16', 15121, 'Alessandria', NULL, '02227830060', 0, '2010-04-26 08:16:52'),
(33, 'Guerciotti Luciana', 'Via Lanfranco 17', 10135, 'Torino', 'GRCLCN37P58L219P', '', 0, '2010-10-27 10:36:54'),
(34, 'MBSoft s.a.s. di Massimo Brandone & C.', 'Via San Quintino 4', 10121, 'Torino', '11054670010', '11054670010', 1, '2014-01-21 14:09:47'),
(35, 'AppyMob S.r.l.', 'C.so Matteotti 36', 10121, 'Torino', '10402890015', '10402890015', 0, '2014-05-26 13:39:32'),
(36, 'Nana Lab S.r.l.', 'C.so Vittorio Emanuele', 10100, 'Torino', NULL, '0', 0, '2014-05-31 09:14:04');

-- --------------------------------------------------------

--
-- Struttura della tabella `fatture`
--

CREATE TABLE IF NOT EXISTS `fatture` (
  `id_fattura` int(11) NOT NULL AUTO_INCREMENT,
  `num_fattura` int(3) NOT NULL DEFAULT '0',
  `data_fattura` date DEFAULT NULL,
  `ditta_emissione_id` int(11) NOT NULL DEFAULT '0',
  `ditta_cliente_id` int(11) NOT NULL DEFAULT '0',
  `tipo_rivalsa` int(1) NOT NULL DEFAULT '0',
  `data_pagamento` date DEFAULT NULL,
  `nome_pdf` varchar(255) NOT NULL DEFAULT '',
  `fatture_time_stamp` timestamp NOT NULL DEFAULT CURRENT_TIMESTAMP ON UPDATE CURRENT_TIMESTAMP,
  PRIMARY KEY (`id_fattura`)
) ENGINE=MyISAM  DEFAULT CHARSET=latin1 AUTO_INCREMENT=276 ;

--
-- Dump dei dati per la tabella `fatture`
--

INSERT INTO `fatture` (`id_fattura`, `num_fattura`, `data_fattura`, `ditta_emissione_id`, `ditta_cliente_id`, `tipo_rivalsa`, `data_pagamento`, `nome_pdf`, `fatture_time_stamp`) VALUES
(24, 5, '2004-05-31', 1, 2, 1, '2004-08-10', 'Fattura_5_maggio_2004.pdf', '2007-04-04 12:35:12'),
(20, 2, '2004-02-27', 1, 2, 2, '2004-05-10', 'Fattura_2_febbraio_2004.pdf', '2007-04-04 12:35:12'),
(18, 1, '2004-01-30', 1, 2, 2, '2004-04-10', 'Fattura_1_gennaio_2004.pdf', '2007-04-04 12:35:12'),
(22, 4, '2004-04-30', 1, 2, 2, '2004-07-10', 'Fattura_4_aprile_2004.pdf', '2007-04-04 12:35:12'),
(21, 3, '2004-03-31', 1, 2, 2, '2004-06-10', 'Fattura_3_marzo_2004.pdf', '2007-04-04 12:35:12'),
(25, 6, '2004-06-30', 1, 2, 1, '2004-09-10', 'Fattura_6_giugno_2004.pdf', '2007-04-04 12:35:12'),
(26, 7, '2004-07-30', 1, 2, 1, '2004-09-15', 'Fattura_7_luglio_2004.pdf', '2007-04-04 12:35:12'),
(27, 8, '2004-08-31', 1, 2, 1, '2004-11-10', 'Fattura_8_agosto_2004.pdf', '2007-04-04 12:35:12'),
(28, 1, '2003-01-31', 1, 2, 2, '2003-04-10', 'Fattura_1_gennaio_2003.pdf', '2007-04-04 12:35:12'),
(29, 2, '2003-02-28', 1, 2, 2, '2003-05-10', 'Fattura_2_febbraio_2003.pdf', '2007-04-04 12:35:12'),
(30, 3, '2003-03-31', 1, 2, 2, '2003-06-10', 'Fattura_3_marzo_2003.pdf', '2007-04-04 12:35:12'),
(31, 4, '2003-04-30', 1, 2, 2, '2003-07-10', 'Fattura_4_aprile_2003.pdf', '2007-04-04 12:35:12'),
(32, 5, '2003-05-15', 1, 3, 1, '2003-05-15', 'Fattura_5_maggio_2003.pdf', '2007-04-04 12:35:12'),
(33, 6, '2003-05-30', 1, 2, 2, '2003-08-10', 'Fattura_6_maggio_2003.pdf', '2007-04-04 12:35:12'),
(34, 7, '2003-06-30', 1, 2, 2, '2003-09-10', 'Fattura_7_giugno_2003.pdf', '2007-04-04 12:35:12'),
(35, 8, '2003-07-31', 1, 2, 2, '2003-10-10', 'Fattura_8_luglio_2003.pdf', '2007-04-04 12:35:12'),
(36, 9, '2003-08-08', 1, 2, 2, '2003-11-10', 'Fattura_9_agosto_2003.pdf', '2007-04-04 12:35:12'),
(37, 10, '2003-09-30', 1, 2, 2, '2003-12-10', 'Fattura_10_settembre_2003.pdf', '2007-04-04 12:35:12'),
(38, 11, '2003-10-31', 1, 2, 2, '2004-01-10', 'Fattura_11_ottobre_2003.pdf', '2007-04-04 12:35:12'),
(39, 12, '2003-11-28', 1, 2, 2, '2004-02-10', 'Fattura_12_novembre_2003.pdf', '2007-04-04 12:35:12'),
(40, 13, '2003-12-23', 1, 2, 2, '2004-03-10', 'Fattura_13_dicembre_2003.pdf', '2007-04-04 12:35:12'),
(41, 9, '2004-09-30', 1, 2, 1, '2004-12-09', 'Fattura_9_settembre_2004.pdf', '2007-04-04 12:35:12'),
(42, 6, '2002-10-31', 1, 3, 2, '2003-01-01', 'Fattura_6_ottobre_2002.pdf', '2007-04-04 12:35:12'),
(43, 8, '2002-11-29', 1, 3, 2, '2003-02-10', 'Fattura_8_novembre_2002.pdf', '2007-04-04 12:35:12'),
(44, 9, '2002-12-23', 1, 3, 2, '2003-03-10', 'Fattura_9_dicembre_2002.pdf', '2007-04-04 12:35:12'),
(45, 10, '2004-10-29', 1, 2, 1, '2005-01-21', 'Fattura_10_ottobre_2004.pdf', '2007-04-04 12:35:12'),
(46, 1, '2002-01-31', 1, 3, 2, '2002-04-15', 'Fattura_1_gennaio_2002.pdf', '2007-04-04 12:35:12'),
(47, 2, '2002-02-28', 1, 3, 2, '2002-05-15', 'Fattura_2_febbraio_2002.pdf', '2007-04-04 12:35:12'),
(48, 3, '2002-03-29', 1, 3, 2, '2002-06-15', 'Fattura_3_marzo_2002.pdf', '2007-04-04 12:35:12'),
(49, 4, '2002-04-30', 1, 3, 2, '2002-07-15', 'Fattura_4_aprile_2002.pdf', '2007-04-04 12:35:12'),
(50, 5, '2002-05-31', 1, 3, 2, '2002-00-09', 'Fattura_5_maggio_2002.pdf', '2007-04-04 12:35:12'),
(51, 7, '2001-10-30', 1, 7, 2, '2002-01-15', 'Fattura_7_ottobre_2001.pdf', '2007-04-04 12:35:12'),
(52, 1, '2001-04-27', 1, 7, 2, '2001-07-15', 'Fattura_1_aprile_2001.pdf', '2007-04-04 12:35:12'),
(53, 2, '2001-05-31', 1, 7, 2, '2001-08-15', 'Fattura_2_maggio_2001.pdf', '2007-04-04 12:35:12'),
(54, 3, '2001-06-29', 1, 7, 2, '2001-09-15', 'Fattura_3_giugno_2001.pdf', '2007-04-04 12:35:12'),
(55, 4, '2001-07-31', 1, 7, 2, '2001-10-15', 'Fattura_4_luglio_2001.pdf', '2007-04-04 12:35:12'),
(56, 5, '2001-08-31', 1, 7, 2, '2001-11-15', 'Fattura_5_agosto_2001.pdf', '2007-04-04 12:35:12'),
(57, 6, '2001-09-28', 1, 7, 2, '2001-12-15', 'Fattura_6_settembre_2001.pdf', '2007-04-04 12:35:12'),
(58, 1, '2000-01-31', 1, 8, 2, '2000-04-15', 'Fattura_1_gennaio_2000.pdf', '2007-04-04 12:35:12'),
(59, 2, '2000-02-29', 1, 8, 2, '2000-05-15', 'Fattura_2_febbraio_2000.pdf', '2007-04-04 12:35:12'),
(61, 3, '2000-03-31', 1, 8, 2, '2000-06-15', 'Fattura_3_marzo_2000.pdf', '2007-04-04 12:35:12'),
(62, 4, '2000-04-21', 1, 8, 2, '2000-07-15', 'Fattura_4_aprile_2000.pdf', '2007-04-04 12:35:12'),
(63, 6, '2000-05-31', 1, 8, 2, '2000-08-15', 'Fattura_6_maggio_2000.pdf', '2007-04-04 12:35:12'),
(64, 7, '2000-06-30', 1, 8, 2, '2000-09-15', 'Fattura_7_giugno_2000.pdf', '2007-04-04 12:35:12'),
(65, 8, '2000-07-21', 1, 8, 2, '2000-10-15', 'Fattura_8_luglio_2000.pdf', '2007-04-04 12:35:12'),
(66, 9, '2000-08-31', 1, 8, 2, '2000-11-15', 'Fattura_9_agosto_2000.pdf', '2007-04-04 12:35:12'),
(67, 10, '2000-09-29', 1, 8, 2, '2000-12-15', 'Fattura_10_settembre_2000.pdf', '2007-04-04 12:35:12'),
(68, 11, '2000-10-31', 1, 8, 2, '2001-01-15', 'Fattura_11_ottobre_2000.pdf', '2007-04-04 12:35:12'),
(69, 12, '2000-11-30', 1, 8, 2, '2001-02-15', 'Fattura_12_novembre_2000.pdf', '2007-04-04 12:35:12'),
(70, 13, '2000-12-29', 1, 8, 2, '2001-03-15', 'Fattura_13_dicembre_2000.pdf', '2007-04-04 12:35:12'),
(72, 11, '2004-11-30', 1, 2, 1, '2005-02-11', 'Fattura_11_novembre_2004.pdf', '2007-04-04 12:35:12'),
(73, 12, '2004-12-23', 1, 2, 1, '2005-03-21', 'Fattura_12_dicembre_2004.pdf', '2007-04-04 12:35:12'),
(74, 1, '2005-01-31', 1, 2, 1, '2005-04-03', 'Fattura_1_gennaio_2005.pdf', '2007-04-04 12:35:12'),
(75, 2, '2005-02-28', 1, 2, 1, '2005-05-01', 'Fattura_2_febbraio_2005.pdf', '2007-04-04 12:35:12'),
(76, 3, '2005-03-31', 1, 2, 1, '2005-06-05', 'Fattura_3_marzo_2005.pdf', '2007-04-04 12:35:12'),
(77, 4, '2005-04-29', 1, 2, 1, '2005-07-05', 'Fattura_4_aprile_2005.pdf', '2007-04-04 12:35:12'),
(78, 5, '2005-05-31', 1, 2, 1, '2005-08-09', 'Fattura_5_maggio_2005.pdf', '2007-04-04 12:35:12'),
(80, 6, '2005-06-30', 1, 2, 1, '2005-09-02', 'Fattura_6_giugno_2005.pdf', '2007-04-04 12:35:12'),
(81, 7, '2005-07-29', 1, 2, 1, '2005-10-01', 'Fattura_7_luglio_2005.pdf', '2007-04-04 12:35:12'),
(82, 8, '2005-08-26', 1, 2, 1, '2005-11-16', 'Fattura_8_agosto_2005.pdf', '2007-04-04 12:35:12'),
(83, 9, '2005-09-30', 1, 2, 1, '2005-12-07', 'Fattura_9_settembre_2005.pdf', '2007-04-04 12:35:12'),
(84, 10, '2005-10-28', 1, 2, 1, '2005-12-30', 'Fattura_10_ottobre_2005.pdf', '2007-04-04 12:35:12'),
(85, 11, '2005-11-13', 1, 28, 1, '2005-11-13', 'Fattura_11_novembre_2005.pdf', '2007-04-04 12:35:12'),
(86, 12, '2005-11-30', 1, 2, 1, '2006-01-31', 'Fattura_12_novembre_2005.pdf', '2007-04-04 12:35:12'),
(87, 13, '2005-12-23', 1, 2, 1, '2006-02-28', 'Fattura_13_dicembre_2005.pdf', '2007-04-04 12:35:12'),
(88, 1, '2006-01-31', 1, 2, 1, '2006-03-31', 'Fattura_1_gennaio_2006.pdf', '2007-04-04 12:35:12'),
(89, 2, '2006-02-28', 1, 2, 1, '2006-04-28', 'Fattura_2_febbraio_2006.pdf', '2007-04-04 12:35:12'),
(90, 3, '2006-03-31', 1, 2, 1, '2006-05-31', 'Fattura_3_marzo_2006.pdf', '2007-04-04 12:35:12'),
(91, 4, '2006-04-28', 1, 2, 1, '2006-06-30', 'Fattura_4_aprile_2006.pdf', '2007-04-04 12:35:12'),
(92, 5, '2006-05-31', 1, 2, 1, '2006-07-31', 'Fattura_5_maggio_2006.pdf', '2007-04-04 12:35:12'),
(97, 6, '2006-06-26', 1, 29, 3, '2006-06-26', 'Fattura_6_giugno_2006.pdf', '2007-04-04 12:35:12'),
(98, 7, '2006-06-30', 1, 2, 1, '2006-08-31', 'Fattura_7_giugno_2006.pdf', '2007-04-04 12:35:12'),
(99, 8, '2006-07-28', 1, 2, 1, '2006-10-04', 'Fattura_8_luglio_2006.pdf', '2007-04-04 12:35:12'),
(100, 9, '2006-08-29', 1, 2, 1, '2006-10-31', 'Fattura_9_agosto_2006.pdf', '2007-04-04 12:35:12'),
(101, 10, '2006-09-29', 1, 2, 1, '2006-11-30', 'Fattura_10_settembre_2006.pdf', '2007-04-04 12:35:12'),
(102, 11, '2006-10-31', 1, 30, 1, '2006-12-21', 'Fattura_11_ottobre_2006.pdf', '2007-04-04 12:35:12'),
(103, 12, '2006-11-30', 1, 30, 1, '2007-01-29', 'Fattura_12_novembre_2006.pdf', '2007-04-04 12:35:12'),
(104, 13, '2006-12-22', 1, 30, 1, '2007-02-27', 'Fattura_13_dicembre_2006.pdf', '2007-04-04 12:35:12'),
(105, 1, '2007-01-31', 1, 30, 1, '2007-03-30', 'Fattura_1_gennaio_2007.pdf', '2007-04-04 12:35:12'),
(106, 2, '2007-02-28', 1, 30, 1, '2007-03-08', 'Fattura_2_febbraio_2007.pdf', '2007-04-04 12:35:12'),
(107, 3, '2007-03-30', 1, 30, 1, '2007-05-31', 'Fattura_3_marzo_2007.pdf', '2007-07-02 06:49:38'),
(109, 4, '2007-04-27', 1, 30, 1, '2007-07-02', 'Fattura_4_aprile_2007.pdf', '2007-07-03 09:39:52'),
(110, 5, '2007-05-31', 1, 30, 1, '2007-07-31', 'Fattura_5_maggio_2007.pdf', '2007-08-29 06:37:51'),
(111, 6, '2007-06-29', 1, 30, 1, '2007-09-03', 'Fattura_6_giugno_2007.pdf', '2007-09-13 06:42:02'),
(112, 7, '2007-07-31', 1, 30, 1, '2007-09-28', 'Fattura_7_luglio_2007.pdf', '2007-09-28 20:42:03'),
(113, 8, '2007-08-31', 1, 30, 1, '2007-10-31', 'Fattura_8_agosto_2007.pdf', '2007-11-28 08:51:38'),
(114, 9, '2007-09-28', 1, 30, 1, '2007-11-30', 'Fattura_9_settembre_2007.pdf', '2007-12-14 21:44:37'),
(115, 10, '2007-10-31', 1, 30, 1, '2008-12-07', 'Fattura_10_ottobre_2007.pdf', '2008-03-12 11:48:04'),
(116, 11, '2007-11-30', 1, 30, 1, '2008-01-31', 'Fattura_11_novembre_2007.pdf', '2008-02-01 21:56:18'),
(117, 12, '2007-12-21', 1, 31, 1, '2008-02-29', 'Fattura_12_dicembre_2007.pdf', '2008-02-29 08:51:37'),
(122, 1, '2008-01-31', 1, 3, 1, '2008-02-07', 'Fattura_1_gennaio_2008.pdf', '2008-02-29 08:53:03'),
(123, 2, '2008-02-29', 1, 3, 1, '2008-05-06', 'Fattura_2_febbraio_2008.pdf', '2008-05-09 06:53:18'),
(124, 3, '2008-03-31', 1, 3, 1, '2008-05-06', 'Fattura_3_marzo_2008.pdf', '2008-05-09 06:53:29'),
(125, 4, '2008-04-30', 1, 3, 1, '2008-06-30', 'Fattura_4_aprile_2008.pdf', '2008-08-13 14:45:35'),
(126, 5, '2008-05-30', 1, 3, 1, '2008-07-31', 'Fattura_5_maggio_2008.pdf', '2008-08-13 14:46:10'),
(127, 6, '2008-06-30', 1, 3, 1, '2008-09-01', 'Fattura_6_giugno_2008.pdf', '2008-09-01 18:57:03'),
(128, 7, '2008-07-31', 1, 3, 1, '2008-09-01', 'Fattura_7_luglio_2008.pdf', '2008-11-05 16:03:45'),
(129, 8, '2008-08-28', 1, 3, 1, '2008-11-03', 'Fattura_8_agosto_2008.pdf', '2008-11-05 16:04:05'),
(130, 9, '2008-09-17', 1, 3, 1, '2008-12-02', 'Fattura_9_settembre_2008.pdf', '2008-12-10 14:18:11'),
(131, 10, '2008-10-30', 0, 3, 1, '2009-01-08', 'Fattura_10_ottobre_2008.pdf', '2009-01-09 21:32:41'),
(132, 11, '2008-11-28', 0, 3, 1, '2009-01-29', 'Fattura_11_novembre_2008.pdf', '2009-02-15 15:59:48'),
(133, 12, '2008-12-20', 0, 3, 1, '2009-02-10', 'Fattura_12_dicembre_2008.pdf', '2009-02-15 16:00:08'),
(134, 1, '2009-01-30', 0, 3, 1, '2009-04-08', 'Fattura_1_gennaio_2009.pdf', '2009-04-30 06:35:47'),
(136, 2, '2009-02-27', 0, 3, 1, '2009-05-08', 'Fattura_2_febbraio_2009.pdf', '2009-05-13 13:42:20'),
(137, 3, '2009-03-31', 0, 3, 1, '2009-06-01', 'Fattura_3_marzo_2009.pdf', '2009-06-04 07:33:32'),
(138, 4, '2009-04-30', 0, 3, 1, '2009-06-29', 'Fattura_4_aprile_2009.pdf', '2009-08-31 10:54:17'),
(139, 5, '2009-05-29', 0, 3, 1, '2009-07-31', 'Fattura_5_maggio_2009.pdf', '2009-08-31 10:54:29'),
(141, 6, '2009-06-30', 0, 3, 1, '2009-08-31', 'Fattura_6_giugno_2009.pdf', '2009-08-31 10:54:42'),
(142, 7, '2009-07-31', 0, 3, 1, '2009-10-03', 'Fattura_7_luglio_2009.pdf', '2009-10-05 06:28:54'),
(144, 9, '2009-09-30', 0, 3, 2, '2009-12-01', 'Fattura_9_settembre_2009.pdf', '2009-12-28 14:27:39'),
(145, 10, '2009-10-28', 0, 3, 2, '2009-11-14', 'Fattura_10_agosto_2009.pdf', '2009-12-28 14:31:04'),
(146, 11, '2009-10-30', 0, 3, 2, '2010-01-13', 'Fattura_11_ottobre_2009.pdf', '2010-01-29 07:56:38'),
(147, 12, '2009-11-30', 0, 3, 2, '2010-02-04', 'Fattura_12_novembre_2009.pdf', '2010-02-09 07:37:09'),
(148, 13, '2009-12-28', 0, 4, 2, '2010-03-10', 'Fattura_13_dicembre_2009.pdf', '2010-03-11 08:20:23'),
(149, 1, '2010-01-29', 0, 4, 2, '2010-03-10', 'Fattura_1_gennaio_2010.pdf', '2010-03-11 08:20:34'),
(151, 2, '2010-02-26', 0, 4, 2, '2010-05-05', 'Fattura_2_febbraio_2010.pdf', '2010-05-07 06:19:08'),
(154, 3, '2010-03-31', 0, 4, 2, '2010-06-03', 'Fattura_3_marzo_2010.pdf', '2010-06-04 13:55:58'),
(156, 4, '2010-04-30', 0, 4, 2, '2010-07-05', 'Fattura_4_aprile_2010.pdf', '2010-07-12 06:33:36'),
(157, 5, '2010-05-31', 0, 4, 2, '2010-08-10', 'Fattura_5_maggio_2010.pdf', '2010-08-12 10:04:59'),
(158, 6, '2010-06-10', 0, 32, 1, '2010-06-10', 'Fattura_6_giugno_2010.pdf', '2010-06-15 09:06:58'),
(159, 7, '2010-06-30', 0, 4, 2, '2010-09-08', 'Fattura_7_giugno_2010.pdf', '2010-09-27 06:43:30'),
(160, 8, '2010-07-30', 0, 4, 2, '2010-10-19', 'Fattura_8_luglio_2010.pdf', '2010-10-20 07:12:45'),
(161, 9, '2010-08-31', 0, 4, 2, '2010-11-04', 'Fattura_9_agosto_2010.pdf', '2010-11-30 08:24:05'),
(162, 10, '2010-09-30', 0, 4, 2, '2010-12-06', 'Fattura_10_settembre_2010.pdf', '2010-12-10 11:22:54'),
(163, 11, '2010-10-27', 0, 33, 1, '2010-10-27', 'Fattura_11_ottobre_2010.pdf', '2010-11-30 08:16:10'),
(164, 12, '2010-10-29', 0, 4, 2, '2011-01-10', 'Fattura_12_ottobre_2010.pdf', '2011-01-19 07:33:37'),
(165, 13, '2010-11-30', 0, 4, 2, '2011-02-07', 'Fattura_13_novembre_2010.pdf', '2011-02-08 08:48:37'),
(166, 14, '2010-12-23', 0, 4, 2, '2011-03-02', 'Fattura_14_dicembre_2010.pdf', '2011-03-03 07:38:05'),
(167, 1, '2011-01-31', 0, 4, 2, '2011-04-13', 'Fattura_1_gennaio_2011.pdf', '2011-04-14 12:51:57'),
(170, 2, '2011-02-28', 0, 4, 2, '2011-05-11', 'Fattura_2_febbraio_2011.pdf', '2011-05-13 10:27:21'),
(175, 3, '2011-03-31', 0, 4, 2, '2011-06-07', 'Fattura_3_marzo_2011.pdf', '2011-06-09 06:59:23'),
(176, 4, '2011-04-28', 0, 4, 2, '2011-07-12', 'Fattura_4_aprile_2011.pdf', '2011-09-29 08:15:58'),
(177, 5, '2011-05-31', 0, 4, 2, '2011-08-12', 'Fattura_5_maggio_2011.pdf', '2011-09-29 08:15:46'),
(178, 6, '2011-06-30', 0, 4, 2, '2011-09-20', 'Fattura_6_giugno_2011.pdf', '2011-09-29 08:15:26'),
(179, 7, '2011-09-29', 0, 33, 2, '2011-09-29', 'Fattura_7_settembre_2011.pdf', '2011-09-29 08:49:05'),
(180, 8, '2011-09-30', 0, 4, 2, '2011-12-07', 'Fattura_8_settembre_2011.pdf', '2011-12-30 08:27:18'),
(181, 9, '2011-10-31', 0, 4, 2, '2012-01-06', 'Fattura_9_ottobre_2011.pdf', '2012-01-09 14:09:16'),
(182, 10, '2011-11-30', 0, 4, 2, '2012-02-06', 'Fattura_10_novembre_2011.pdf', '2012-03-30 09:02:26'),
(183, 11, '2011-12-30', 0, 4, 2, '2012-03-27', 'Fattura_11_dicembre_2011.pdf', '2012-03-30 09:02:37'),
(184, 1, '2012-01-31', 0, 4, 2, '2012-04-13', 'Fattura_1_gennaio_2012.pdf', '2012-04-13 12:20:09'),
(186, 2, '2012-02-29', 0, 4, 2, '2012-05-10', 'Fattura_2_febbraio_2012.pdf', '2012-05-11 06:54:07'),
(187, 3, '2012-03-30', 0, 4, 2, '2012-06-14', 'Fattura_3_marzo_2012.pdf', '2012-06-29 09:42:07'),
(189, 4, '2012-04-30', 0, 4, 2, '2012-07-10', 'Fattura_4_aprile_2012.pdf', '2012-08-10 08:44:14'),
(190, 5, '2012-05-31', 0, 4, 2, '2012-08-09', 'Fattura_5_maggio_2012.pdf', '2012-08-10 08:44:29'),
(191, 6, '2012-06-29', 0, 4, 2, '2012-09-14', 'Fattura_6_giugno_2012.pdf', '2012-10-05 13:00:24'),
(192, 7, '2012-07-31', 0, 4, 2, '2012-10-05', 'Fattura_7_luglio_2012.pdf', '2012-10-05 13:00:29'),
(193, 8, '2012-08-28', 0, 4, 2, '2012-11-06', 'Fattura_8_agosto_2012.pdf', '2012-11-07 14:02:28'),
(194, 9, '2012-09-28', 0, 4, 2, '2012-12-12', 'Fattura_9_settembre_2012.pdf', '2012-12-01 13:55:00'),
(195, 10, '2012-10-31', 0, 4, 2, '2013-01-11', 'Fattura_10_ottobre_2012.pdf', '2013-01-23 09:06:16'),
(196, 11, '2012-11-30', 0, 4, 2, '2013-02-06', 'Fattura_11_novembre_2012.pdf', '2013-03-01 19:45:18'),
(197, 12, '2012-12-31', 0, 4, 2, '2013-03-06', 'Fattura_12_dicembre_2012.pdf', '2013-03-17 10:42:50'),
(199, 1, '2013-01-31', 0, 4, 2, '2013-04-10', 'Fattura_1_gennaio_2013.pdf', '2013-05-01 19:03:45'),
(202, 2, '2013-02-28', 0, 4, 2, '2013-05-08', 'Fattura_2_febbraio_2013.pdf', '2013-05-16 07:36:24'),
(204, 3, '2013-03-29', 0, 4, 2, '2013-06-07', 'Fattura_3_marzo_2013.pdf', '2013-08-07 08:53:41'),
(205, 4, '2013-04-30', 0, 4, 2, '2013-07-04', 'Fattura_4_aprile_2013.pdf', '2013-08-07 08:53:26'),
(206, 5, '2013-05-31', 0, 4, 2, '2013-08-07', 'Fattura_5_maggio_2013.pdf', '2013-08-07 08:52:42'),
(210, 7, '2013-06-29', 0, 4, 2, '2013-09-09', 'Fattura_7_giugno_2013.pdf', '2013-09-29 09:27:45'),
(211, 8, '2013-07-31', 0, 4, 2, '2013-11-08', 'Fattura_8_luglio_2013.pdf', '2013-11-01 09:44:33'),
(212, 9, '2013-08-31', 0, 4, 2, '2013-10-31', 'Fattura_9_agosto_2013.pdf', '2013-11-01 09:44:05'),
(213, 10, '2013-09-30', 0, 4, 2, '2013-11-30', 'Fattura_10_settembre_2013.pdf', '2013-12-31 10:53:11'),
(215, 11, '2013-10-31', 0, 4, 2, '2013-12-24', 'Fattura_11_ottobre_2013.pdf', '2013-12-31 10:52:58'),
(216, 12, '2013-11-29', 0, 4, 2, '2014-02-06', 'Fattura_12_novembre_2013.pdf', '2014-02-07 08:29:29'),
(217, 13, '2013-12-31', 0, 4, 2, '2014-03-03', 'Fattura_13_dicembre_2013.pdf', '2014-03-03 20:23:53'),
(226, 1, '2014-02-04', 34, 4, 0, '2014-05-02', 'Fattura_1_febbraio_2014.pdf', '2014-05-26 13:26:28'),
(227, 2, '2014-02-28', 34, 4, 0, '2014-05-02', 'Fattura_2_febbraio_2014.pdf', '2014-05-26 13:26:34'),
(228, 3, '2014-03-31', 34, 4, 0, '2014-05-30', 'Fattura_3_marzo_2014.pdf', '2014-05-31 08:58:30'),
(229, 4, '2014-04-30', 34, 4, 0, '2014-06-30', 'Fattura_4_aprile_2014.pdf', '2014-07-31 06:47:28'),
(230, 5, '2014-05-02', 34, 35, 0, '2014-05-30', 'Fattura_5_maggio_2014.pdf', '2014-05-31 09:00:12'),
(231, 6, '2014-05-30', 34, 4, 0, '2014-09-05', 'Fattura_6_maggio_2014.pdf', '2014-09-30 06:44:46'),
(232, 6, '2014-05-27', 34, 36, 0, '2014-05-29', 'Fattura_6_maggio_2014.pdf', '2014-05-31 09:15:43'),
(233, 7, '2014-06-30', 34, 4, 0, '2014-09-05', 'Fattura_7_giugno_2014.pdf', '2014-09-30 06:44:54'),
(234, 8, '2014-07-31', 34, 4, 0, '2014-10-08', 'Fattura_8_luglio_2014.pdf', '2014-10-31 07:26:12'),
(235, 9, '2014-08-29', 34, 4, 0, '2014-11-12', 'Fattura_9_agosto_2014.pdf', '2014-11-12 08:01:42'),
(236, 10, '2014-09-30', 34, 4, 0, '2014-12-05', 'Fattura_10_settembre_2014.pdf', '2014-12-31 13:26:32'),
(237, 11, '2014-10-31', 34, 4, 0, '2014-12-31', 'Fattura_11_ottobre_2014.pdf', '2014-12-31 13:28:55'),
(238, 12, '2014-11-28', 34, 4, 0, '2015-01-30', 'Fattura_12_novembre_2014.pdf', '2015-02-28 10:29:04'),
(239, 13, '2014-12-22', 34, 35, 0, '2014-12-31', 'Fattura_13_dicembre_2014.pdf', '2015-01-31 15:15:08'),
(240, 14, '2014-12-31', 34, 4, 0, '2015-03-03', 'Fattura_14_dicembre_2014.pdf', '2015-04-07 07:12:49'),
(241, 1, '2015-01-30', 34, 4, 0, '2015-04-07', 'Fattura_1_gennaio_2015.pdf', '2015-04-07 07:13:06'),
(243, 15, '2014-12-31', 34, 36, 0, '2014-12-31', 'Fattura_15_dicembre_2014.pdf', '2015-01-31 15:15:21'),
(244, 2, '2015-02-27', 34, 4, 0, '2015-05-04', 'Fattura_2_febbraio_2015.pdf', '2015-06-30 17:15:11'),
(245, 3, '2015-03-31', 34, 4, 0, '2015-03-03', 'Fattura_3_marzo_2015.pdf', '2015-08-01 10:09:28'),
(246, 4, '2015-04-30', 34, 4, 0, '2015-07-03', 'Fattura_4_aprile_2015.pdf', '2015-08-01 10:04:02'),
(247, 5, '2015-05-29', 34, 4, 0, '2015-08-03', 'Fattura_5_maggio_2015.pdf', '2015-08-03 14:02:01'),
(248, 6, '2015-06-30', 34, 4, 0, '2015-09-01', 'Fattura_6_giugno_2015.pdf', '2015-09-07 09:40:44'),
(249, 7, '2015-07-31', 34, 4, 0, '2015-10-01', 'Fattura_7_luglio_2015.pdf', '2015-11-01 10:55:44'),
(250, 8, '2015-08-28', 34, 4, 0, '2015-10-30', 'Fattura_8_agosto_2015.pdf', '2015-11-01 10:56:12'),
(251, 9, '2015-09-30', 34, 4, 0, '2015-11-30', 'Fattura_9_settembre_2015.pdf', '2015-12-31 08:40:09'),
(252, 10, '2015-10-30', 34, 4, 0, '2015-12-31', 'Fattura_10_ottobre_2015.pdf', '2015-12-31 08:40:24'),
(253, 11, '2015-11-30', 34, 4, 0, '2016-02-01', 'Fattura_11_novembre_2015.pdf', '2016-04-02 09:30:27'),
(254, 12, '2015-12-31', 34, 4, 0, '2016-03-01', 'Fattura_12_dicembre_2015.pdf', '2016-04-02 09:29:57'),
(255, 13, '2015-12-31', 34, 4, 0, NULL, 'Fattura_13_dicembre_2015.pdf', '2016-04-02 09:39:35'),
(256, 14, '2015-12-31', 34, 4, 0, NULL, 'Fattura_14_dicembre_2015.pdf', '2016-01-10 10:34:31'),
(257, 15, '2015-12-31', 34, 4, 0, NULL, 'Fattura_15_dicembre_2015.pdf', '2016-01-10 10:37:59'),
(258, 1, '2016-01-30', 34, 4, 0, '2016-04-01', 'Fattura_1_gennaio_2016.pdf', '2016-04-02 09:36:57'),
(259, 2, '2016-02-29', 34, 4, 0, '2016-05-04', 'Fattura_2_febbraio_2016.pdf', '2016-05-04 20:02:41'),
(260, 3, '2016-03-31', 34, 4, 0, '2016-06-01', 'Fattura_3_marzo_2016.pdf', '2016-06-02 08:47:56'),
(261, 4, '2016-04-29', 34, 4, 0, '2016-07-08', 'Fattura_4_aprile_2016.pdf', '2016-07-30 13:16:51'),
(262, 5, '2016-05-31', 34, 4, 0, '2016-08-01', 'Fattura_5_maggio_2016.pdf', '2016-08-01 07:40:13'),
(263, 6, '2016-06-30', 34, 4, 0, '2016-08-31', 'Fattura_6_giugno_2016.pdf', '2016-09-01 08:44:09'),
(265, 7, '2016-07-30', 34, 4, 0, '2016-09-30', 'Fattura_7_luglio_2016.pdf', '2016-10-02 08:58:08'),
(266, 8, '2016-08-31', 34, 4, 0, '2016-11-02', 'Fattura_8_agosto_2016.pdf', '2016-11-04 16:22:38'),
(267, 9, '2016-09-30', 34, 4, 0, '2016-12-06', 'Fattura_9_settembre_2016.pdf', '2017-01-02 12:40:45'),
(268, 10, '2016-10-31', 34, 4, 0, '2017-02-01', 'Fattura_10_ottobre_2016.pdf', '2017-02-01 09:34:22'),
(269, 11, '2016-11-30', 34, 4, 0, '2017-01-05', 'Fattura_11_novembre_2016.pdf', '2017-03-03 08:23:13'),
(270, 12, '2016-12-30', 34, 4, 0, '2017-03-06', 'Fattura_12_dicembre_2016.pdf', '2017-04-01 08:42:16'),
(271, 1, '2017-01-31', 34, 4, 0, '2017-04-05', 'Fattura_1_gennaio_2017.pdf', '2017-05-03 07:32:31'),
(272, 2, '2017-02-28', 34, 4, 0, '2017-05-05', 'Fattura_2_febbraio_2017.pdf', '2017-05-31 13:45:22'),
(273, 3, '2017-03-31', 34, 4, 0, NULL, 'Fattura_3_marzo_2017.pdf', '2017-03-31 15:58:32'),
(274, 4, '2017-04-28', 34, 4, 0, NULL, 'Fattura_4_aprile_2017.pdf', '2017-05-03 07:11:29'),
(275, 5, '2017-05-31', 34, 4, 0, NULL, 'Fattura_5_maggio_2017.pdf', '2017-05-31 13:43:13');

-- --------------------------------------------------------

--
-- Struttura della tabella `scadenze`
--

CREATE TABLE IF NOT EXISTS `scadenze` (
  `id_fattura` int(11) NOT NULL AUTO_INCREMENT,
  `descrizione` varchar(255) NOT NULL DEFAULT '',
  `data_scadenza` date NOT NULL DEFAULT '0000-00-00',
  PRIMARY KEY (`id_fattura`)
) ENGINE=MyISAM  DEFAULT CHARSET=latin1 AUTO_INCREMENT=21 ;

--
-- Dump dei dati per la tabella `scadenze`
--

INSERT INTO `scadenze` (`id_fattura`, `descrizione`, `data_scadenza`) VALUES
(1, 'Mio compleanno', '1968-08-30'),
(2, 'Compleanno Patrizia', '1967-11-05'),
(3, 'Versamento IVA trimestrale 1 trimestre', '2005-05-16'),
(4, 'INPS', '2005-06-20'),
(5, 'IRAP acconto prima rata', '2005-06-20'),
(6, 'Versamento IVA trimestrale 2 trimestre', '2005-08-22'),
(7, 'Versamento IVA trimestrale 3 trimestre', '2005-11-16'),
(8, 'INPS', '2005-11-30'),
(9, 'IRAP acconto seconda rata', '2005-11-30'),
(10, 'Versamento IVA acconto', '2005-12-27'),
(11, 'Versamento IVA sulla base della dichiarazione annuale', '2005-03-16'),
(12, 'saldo IRPEF', '2005-06-20'),
(13, 'INPS', '2005-06-20'),
(14, 'IRAP', '2005-06-20'),
(15, 'addizionare regionale IRPEF', '2005-06-20'),
(16, 'addizionale comunale IRPEF', '2005-06-20'),
(17, 'IRPEF acconto - prima rata', '2005-06-20'),
(18, 'IRPEF acconto - seconda rata', '2005-11-30'),
(19, 'compleanno mamma', '1937-09-18'),
(20, 'compleanno Marina', '1961-04-18');

-- --------------------------------------------------------

--
-- Struttura della tabella `tbl_fatture_acquisti`
--

CREATE TABLE IF NOT EXISTS `tbl_fatture_acquisti` (
  `id_fatture_acq` int(11) NOT NULL AUTO_INCREMENT,
  `descrizione_merce` varchar(255) NOT NULL DEFAULT '',
  `descrizione_negozio` varchar(255) NOT NULL DEFAULT '',
  `tot_merce` float(9,2) NOT NULL DEFAULT '0.00',
  `imponibile` float(9,2) NOT NULL DEFAULT '0.00',
  `percentuale_iva` int(2) NOT NULL DEFAULT '0',
  `iva` float(9,2) NOT NULL DEFAULT '0.00',
  PRIMARY KEY (`id_fatture_acq`)
) ENGINE=MyISAM DEFAULT CHARSET=latin1 AUTO_INCREMENT=1 ;

-- --------------------------------------------------------

--
-- Struttura della tabella `tbl_tasse_f24`
--

CREATE TABLE IF NOT EXISTS `tbl_tasse_f24` (
  `id_tasse_F24` int(11) NOT NULL AUTO_INCREMENT,
  `tributo_id` int(4) NOT NULL DEFAULT '0',
  `periodo_riferimento` year(4) NOT NULL DEFAULT '0000',
  `importo` float(9,2) NOT NULL DEFAULT '0.00',
  `data_versamento` date NOT NULL DEFAULT '0000-00-00',
  PRIMARY KEY (`id_tasse_F24`)
) ENGINE=MyISAM  DEFAULT CHARSET=latin1 AUTO_INCREMENT=316 ;

--
-- Dump dei dati per la tabella `tbl_tasse_f24`
--

INSERT INTO `tbl_tasse_f24` (`id_tasse_F24`, `tributo_id`, `periodo_riferimento`, `importo`, `data_versamento`) VALUES
(4, 8, 2003, 389.69, '2004-03-16'),
(5, 9, 2004, 2393.69, '2004-05-17'),
(6, 1, 2003, 2399.00, '2004-06-21'),
(7, 2, 2004, 940.41, '2004-06-21'),
(8, 10, 2003, 4425.00, '2004-06-21'),
(9, 10, 2004, 3298.79, '2004-06-21'),
(10, 4, 2003, 1104.00, '2004-06-21'),
(11, 5, 2003, 617.00, '2004-06-21'),
(12, 6, 2004, 639.35, '2004-06-21'),
(13, 7, 2003, 132.00, '2004-06-21'),
(14, 11, 2004, 2398.26, '2004-08-20'),
(15, 12, 2002, 1761.00, '2003-03-17'),
(16, 9, 2003, 2728.02, '2003-05-16'),
(17, 1, 2002, -1464.66, '2003-06-17'),
(18, 10, 2003, 998.76, '2003-06-17'),
(19, 5, 2002, 210.00, '2003-06-17'),
(20, 6, 2003, 210.90, '2003-06-17'),
(21, 7, 2002, 45.00, '2003-06-17'),
(22, 11, 2003, 2912.16, '2003-08-21'),
(23, 1, 2002, -259.34, '2003-11-17'),
(24, 13, 2003, 2233.81, '2003-11-17'),
(25, 10, 2002, -215.00, '2003-11-17'),
(26, 4, 2002, -256.00, '2003-11-17'),
(27, 10, 2003, 998.76, '2003-12-01'),
(28, 14, 2003, 316.34, '2003-12-01'),
(29, 8, 2003, 1903.07, '2003-12-29'),
(30, 9, 2002, 1058.48, '2002-05-16'),
(31, 1, 2001, -1944.40, '2002-06-20'),
(32, 10, 2001, 97.00, '2002-06-20'),
(33, 10, 2002, 1355.96, '2002-06-20'),
(34, 5, 2001, 156.00, '2002-06-20'),
(35, 6, 2002, 317.44, '2002-06-20'),
(36, 7, 2001, 18.00, '2002-06-20'),
(37, 1, 2001, -1857.60, '2002-08-23'),
(38, 11, 2002, 1930.78, '2002-08-23'),
(39, 4, 2001, -73.18, '2002-08-23'),
(40, 1, 2001, -52.00, '2002-12-02'),
(41, 10, 2002, 1355.96, '2002-12-02'),
(42, 4, 2001, -122.82, '2002-12-02'),
(43, 14, 2002, 476.16, '2002-12-02'),
(44, 8, 2002, 418.58, '2002-12-27'),
(45, 12, 2000, 1575.19, '2001-03-14'),
(46, 1, 2000, 1106.25, '2001-06-19'),
(47, 2, 2001, 525.75, '2001-06-19'),
(48, 10, 2000, 3814.55, '2001-06-19'),
(49, 10, 2001, 1525.61, '2001-06-19'),
(50, 5, 2000, 263.90, '2001-06-19'),
(51, 4, 2000, 1058.22, '2001-06-19'),
(52, 6, 2001, 402.31, '2001-06-19'),
(53, 7, 2000, 29.43, '2001-06-19'),
(54, 11, 2001, 1956.85, '2001-08-23'),
(55, 13, 2001, 1612.37, '2001-11-16'),
(56, 3, 2001, 789.14, '2001-11-30'),
(57, 10, 2001, 1525.61, '2001-11-30'),
(58, 14, 2001, 603.22, '2001-11-30'),
(59, 8, 2001, 1368.61, '2001-12-24'),
(60, 13, 2004, 2443.00, '2004-11-16'),
(61, 3, 2004, 1410.61, '2004-11-30'),
(62, 10, 2004, 3298.79, '2004-11-30'),
(63, 14, 2004, 959.03, '2004-11-30'),
(64, 8, 2004, 2017.90, '2004-12-27'),
(65, 12, 2004, 574.00, '2005-03-16'),
(66, 9, 2005, 2463.41, '2005-05-16'),
(67, 1, 2004, -3975.00, '2005-06-20'),
(68, 10, 2004, 1757.00, '2005-06-20'),
(69, 10, 2005, 3376.16, '2005-06-20'),
(70, 4, 2004, 61.00, '2005-06-20'),
(71, 5, 2004, 496.00, '2005-06-20'),
(72, 6, 2005, 650.33, '2005-06-20'),
(73, 7, 2004, 106.00, '2005-06-20'),
(74, 11, 2005, 2440.07, '2005-08-22'),
(75, 13, 2005, 2046.82, '2005-11-16'),
(76, 10, 2005, 3376.17, '2005-11-30'),
(77, 14, 2005, 975.49, '2005-11-30'),
(78, 8, 2005, 2275.59, '2005-12-27'),
(79, 12, 2005, 222.00, '2006-03-16'),
(80, 9, 2006, 2309.85, '2006-05-16'),
(81, 1, 2005, -1129.00, '2006-06-20'),
(82, 10, 2005, 1742.00, '2006-06-20'),
(83, 10, 2006, 3432.52, '2006-06-20'),
(84, 4, 2005, 24.00, '2006-06-20'),
(85, 5, 2005, 535.00, '2006-06-20'),
(86, 6, 2006, 653.40, '2006-06-20'),
(87, 7, 2005, 115.00, '2006-06-20'),
(88, 11, 2006, 2663.89, '2006-08-21'),
(89, 13, 2006, 2094.00, '2006-11-16'),
(90, 10, 2006, 3432.00, '2006-11-30'),
(91, 8, 2006, 2196.00, '2006-12-27'),
(92, 14, 2006, 980.00, '2006-11-30'),
(93, 12, 2006, 448.00, '2007-03-16'),
(94, 9, 2007, 2616.91, '2007-05-16'),
(99, 1, 2006, -998.00, '2007-06-18'),
(100, 10, 2006, 1017.00, '2007-06-18'),
(101, 4, 2006, 19.00, '2007-06-18'),
(102, 10, 2006, 543.00, '2007-06-18'),
(103, 10, 2007, 4317.04, '2007-06-18'),
(104, 5, 2006, 522.00, '2007-06-18'),
(105, 6, 2007, 606.28, '2007-06-18'),
(106, 7, 2006, 112.00, '2007-06-18'),
(107, 15, 2007, 32.00, '2007-06-18'),
(108, 11, 2007, 2706.94, '2007-08-16'),
(109, 13, 2007, 2193.49, '2007-11-16'),
(110, 10, 2007, 4317.04, '2007-11-30'),
(111, 14, 2007, 909.41, '2007-11-30'),
(112, 8, 2007, 2323.31, '2007-12-27'),
(113, 12, 2007, 136.00, '2008-03-05'),
(114, 9, 2008, 2723.78, '2008-05-16'),
(115, 1, 2007, -3023.00, '2008-06-16'),
(116, 10, 2007, 366.00, '2008-06-16'),
(117, 10, 2008, 2885.00, '2008-06-16'),
(118, 4, 2008, -228.00, '2008-06-16'),
(119, 10, 2008, 895.97, '2008-06-16'),
(120, 5, 2007, 392.00, '2008-06-16'),
(121, 6, 2008, 510.05, '2008-06-16'),
(122, 16, 2008, 42.00, '2008-06-16'),
(123, 17, 2007, 108.00, '2008-06-16'),
(124, 11, 2008, 2598.55, '2008-08-18'),
(126, 13, 2008, 1743.04, '2008-11-17'),
(128, 10, 2008, 3780.97, '2008-12-01'),
(130, 14, 2008, 765.07, '2008-12-01'),
(132, 8, 2008, 2163.31, '2008-12-29'),
(133, 9, 2009, 2506.32, '2009-05-18'),
(135, 1, 2008, -1191.00, '2009-07-06'),
(138, 10, 2008, 1191.00, '2009-07-06'),
(154, 11, 2009, 2372.66, '2009-08-17'),
(140, 10, 2008, 2008.00, '2009-07-06'),
(142, 10, 2009, 4478.46, '2009-07-06'),
(144, 4, 2008, 55.00, '2009-07-06'),
(146, 5, 2008, 498.00, '2009-07-06'),
(148, 6, 2009, 526.68, '2009-07-06'),
(150, 16, 2009, 43.00, '2009-07-06'),
(151, 17, 2008, 100.00, '2009-07-06'),
(152, 17, 2008, 100.00, '2009-07-06'),
(164, 9, 2010, 2515.94, '2010-05-17'),
(156, 13, 2009, 1463.80, '2009-11-16'),
(157, 10, 2009, 4478.47, '2009-11-30'),
(165, 1, 2009, -3123.00, '2010-06-16'),
(159, 14, 2009, 790.02, '2009-11-30'),
(162, 12, 2009, 545.00, '2010-03-16'),
(161, 8, 2009, 1638.83, '2009-12-28'),
(166, 10, 2009, 1818.00, '2010-06-16'),
(190, 10, 2010, 1559.00, '2011-07-04'),
(168, 10, 2010, 1356.00, '2010-06-16'),
(184, 10, 2010, 4477.74, '2010-12-10'),
(189, 1, 2010, -1559.00, '2011-07-04'),
(171, 4, 2009, -51.00, '2010-06-16'),
(185, 8, 2010, 1917.37, '2010-12-27'),
(173, 10, 2010, 3121.73, '2010-06-16'),
(174, 5, 2009, 416.00, '2010-06-16'),
(187, 12, 2010, 369.00, '2011-03-16'),
(208, 1, 2011, -4450.00, '2012-07-09'),
(177, 6, 2010, 501.34, '2010-06-16'),
(178, 16, 2010, 36.00, '2010-06-16'),
(182, 11, 2010, 1948.11, '2010-08-16'),
(180, 17, 2009, 76.00, '2010-06-16'),
(188, 9, 2011, 2379.55, '2011-05-13'),
(191, 10, 2010, 2464.00, '2011-07-04'),
(195, 5, 2010, 529.00, '2011-07-04'),
(193, 10, 2011, 5191.05, '2011-07-04'),
(202, 13, 2011, 969.58, '2011-11-16'),
(198, 16, 2011, 45.00, '2011-07-04'),
(199, 17, 2010, 115.00, '2011-07-04'),
(201, 11, 2011, 2596.24, '2011-08-22'),
(226, 11, 2012, 589.44, '2012-08-20'),
(204, 10, 2011, 5191.05, '2011-11-30'),
(205, 8, 2011, 2032.25, '2011-12-27'),
(206, 12, 2011, 711.00, '2012-03-16'),
(210, 10, 2012, 4044.56, '2012-07-09'),
(211, 10, 2011, -45.56, '2012-07-09'),
(232, 13, 2012, 2391.76, '2012-11-16'),
(213, 5, 2011, 382.00, '2012-07-09'),
(220, 10, 2011, -589.44, '2012-08-20'),
(221, 11, 2012, 2064.70, '2012-08-20'),
(216, 16, 2012, 26.00, '2012-07-09'),
(217, 17, 2011, 43.00, '2012-07-09'),
(236, 8, 2012, 2407.90, '2012-12-27'),
(234, 10, 2012, 4044.57, '2012-11-30'),
(237, 9, 2013, 2258.61, '2013-05-16'),
(239, 1, 2012, -697.00, '2013-07-08'),
(241, 10, 2012, 697.00, '2013-07-08'),
(243, 10, 2012, 3887.00, '2013-07-08'),
(245, 10, 2013, 5069.10, '2013-07-08'),
(254, 11, 2013, 1514.27, '2013-08-20'),
(248, 5, 2012, 662.00, '2013-07-08'),
(249, 16, 2013, 69.00, '2013-07-08'),
(251, 17, 2012, 204.00, '2013-07-08'),
(253, 8, 2013, 1939.43, '2013-12-27'),
(255, 13, 2013, 2307.76, '2013-11-18'),
(256, 10, 2013, 5069.10, '2013-12-02'),
(257, 12, 2013, 3054.00, '2014-03-17'),
(258, 9, 2014, 1767.81, '2014-05-16'),
(259, 10, 2014, 866.49, '2014-05-16'),
(260, 10, 2014, 866.49, '2014-08-20'),
(261, 11, 2014, 2636.81, '2014-08-20'),
(262, 13, 2014, 2082.41, '2014-11-17'),
(263, 10, 2014, 866.49, '2014-11-14'),
(264, 9, 2015, 2363.04, '2015-05-18'),
(265, 4, 2014, 1185.00, '2015-07-06'),
(266, 6, 2015, 474.00, '2015-07-06'),
(267, 10, 2015, 885.75, '2015-05-15'),
(268, 1, 2014, 6833.00, '2015-07-06'),
(276, 12, 2014, 2592.00, '2015-03-16'),
(270, 10, 2014, 4057.00, '2015-07-06'),
(271, 10, 2015, 2065.93, '2015-07-06'),
(272, 5, 2014, 667.00, '2015-07-06'),
(273, 16, 2015, 77.00, '2015-07-06'),
(274, 17, 2014, 175.00, '2015-07-06'),
(275, 8, 2015, 2258.08, '2015-12-28'),
(277, 2, 2015, 2733.20, '2015-07-06'),
(278, 10, 2015, 885.75, '2015-08-20'),
(279, 10, 2015, 885.75, '2015-11-16'),
(280, 11, 2015, 2638.45, '2015-08-20'),
(281, 13, 2015, 1997.80, '2015-11-16'),
(282, 3, 2015, 4099.80, '2015-11-30'),
(283, 10, 2015, 2065.93, '2015-11-30'),
(284, 14, 2015, 711.00, '2015-11-30'),
(285, 4, 2016, 903.27, '2016-05-16'),
(286, 4, 2015, 885.75, '2016-02-16'),
(287, 12, 2015, 79.00, '2016-03-16'),
(288, 9, 2016, 1785.43, '2016-05-16'),
(289, 13, 2016, 1974.85, '2016-11-16'),
(291, 6, 2016, 477.60, '2016-06-16'),
(296, 10, 2016, 903.27, '2016-08-19'),
(293, 11, 2016, 1817.85, '2016-08-22'),
(295, 1, 2015, -1770.00, '2016-06-16'),
(297, 10, 2016, 903.27, '2016-11-16'),
(298, 3, 2016, 3037.80, '2016-11-30'),
(299, 10, 2016, 500.00, '2016-12-30'),
(302, 10, 2015, 476.00, '2016-06-16'),
(301, 14, 2016, 716.40, '2016-11-30'),
(304, 5, 2015, 437.00, '2016-06-16'),
(306, 17, 2015, 104.00, '2016-06-16'),
(308, 2, 2016, 2025.20, '2016-06-16'),
(312, 12, 2016, 432.00, '2017-03-16'),
(310, 10, 2016, 2349.62, '2016-06-16'),
(311, 16, 2016, 54.00, '2016-06-16'),
(314, 10, 2016, 903.27, '2017-02-16');

-- --------------------------------------------------------

--
-- Struttura della tabella `totali_fattura`
--

CREATE TABLE IF NOT EXISTS `totali_fattura` (
  `id_totali` int(11) NOT NULL AUTO_INCREMENT,
  `fattura_id` int(11) NOT NULL DEFAULT '0',
  `imponibile` float(10,2) NOT NULL DEFAULT '0.00',
  `rivalsa` float(10,2) NOT NULL DEFAULT '0.00',
  `tot_imponibile` float(10,2) NOT NULL DEFAULT '0.00',
  `iva` float(10,2) NOT NULL DEFAULT '0.00',
  `tot_fattura` float(10,2) NOT NULL DEFAULT '0.00',
  `ritenuta_acconto` float(10,2) NOT NULL DEFAULT '0.00',
  `tot_netto` float(10,2) NOT NULL DEFAULT '0.00',
  PRIMARY KEY (`id_totali`)
) ENGINE=MyISAM  DEFAULT CHARSET=latin1 AUTO_INCREMENT=251 ;

--
-- Dump dei dati per la tabella `totali_fattura`
--

INSERT INTO `totali_fattura` (`id_totali`, `fattura_id`, `imponibile`, `rivalsa`, `tot_imponibile`, `iva`, `tot_fattura`, `ritenuta_acconto`, `tot_netto`) VALUES
(1, 18, 4194.00, 167.76, 4361.76, 872.35, 5234.11, 872.35, 4361.76),
(2, 20, 4660.00, 186.40, 4846.40, 969.28, 5815.68, 969.28, 4846.40),
(3, 21, 5126.00, 205.04, 5331.04, 1066.21, 6397.25, 1066.21, 5331.04),
(4, 22, 4893.00, 195.72, 5088.72, 1017.74, 6106.46, 1017.74, 5088.72),
(5, 24, 4697.28, 195.72, 4893.00, 978.60, 5871.60, 978.60, 4893.00),
(6, 25, 4473.60, 186.40, 4660.00, 932.00, 5592.00, 932.00, 4660.00),
(7, 26, 4920.96, 205.04, 5126.00, 1025.20, 6151.20, 1025.20, 5126.00),
(8, 27, 2236.80, 93.20, 2330.00, 466.00, 2796.00, 466.00, 2330.00),
(9, 28, 4427.00, 177.08, 4604.08, 920.82, 5524.90, 920.82, 4604.08),
(10, 29, 4660.00, 186.40, 4846.40, 969.28, 5815.68, 969.28, 4846.40),
(11, 30, 4660.00, 186.40, 4846.40, 969.28, 5815.68, 969.28, 4846.40),
(12, 31, 4660.00, 186.40, 4846.40, 969.28, 5815.68, 969.28, 4846.40),
(13, 32, 0.00, 0.00, 0.00, 0.00, 0.00, 0.00, 0.00),
(14, 33, 4893.00, 195.72, 5088.72, 1017.74, 6106.46, 1017.74, 5088.72),
(15, 34, 4427.00, 177.08, 4604.08, 920.82, 5524.90, 920.82, 4604.08),
(16, 35, 5359.00, 214.36, 5573.36, 1114.67, 6688.03, 1114.67, 5573.36),
(17, 36, 1398.00, 55.92, 1453.92, 290.78, 1744.70, 290.78, 1453.92),
(18, 37, 5126.00, 205.04, 5331.04, 1066.21, 6397.25, 1066.21, 5331.04),
(19, 38, 5359.00, 214.36, 5573.36, 1114.67, 6688.03, 1114.67, 5573.36),
(20, 39, 4660.00, 186.40, 4846.40, 969.28, 5815.68, 969.28, 4846.40),
(21, 40, 2563.00, 102.52, 2665.52, 533.10, 3198.62, 533.10, 2665.52),
(22, 41, 4920.96, 205.04, 5126.00, 1025.20, 6151.20, 1025.20, 5126.00),
(23, 42, 3021.34, 120.85, 3142.19, 628.44, 3770.63, 628.44, 3142.19),
(24, 43, 4660.00, 186.40, 4846.40, 969.28, 5815.68, 969.28, 4846.40),
(25, 44, 2796.00, 111.84, 2907.84, 581.57, 3489.41, 581.57, 2907.84),
(26, 45, 4697.28, 195.72, 4893.00, 978.60, 5871.60, 978.60, 4893.00),
(27, 46, 1946.43, 77.86, 2024.29, 404.86, 2429.14, 404.86, 2024.29),
(28, 47, 4648.20, 185.93, 4834.13, 966.83, 5800.95, 966.83, 4834.13),
(29, 48, 4648.20, 185.93, 4834.13, 966.83, 5800.95, 966.83, 4834.13),
(30, 49, 4735.35, 189.41, 4924.76, 984.95, 5909.72, 984.95, 4924.76),
(31, 50, 5113.02, 204.52, 5317.54, 1063.51, 6381.05, 1063.51, 5317.54),
(32, 51, 3344.04, 133.76, 3477.80, 695.56, 4173.36, 695.56, 3477.80),
(33, 52, 2349.88, 94.00, 2443.88, 488.78, 2932.65, 488.78, 2443.88),
(34, 53, 3976.72, 159.07, 4135.79, 827.16, 4962.95, 827.16, 4135.79),
(35, 54, 3795.96, 151.84, 3947.80, 789.56, 4737.36, 789.56, 3947.80),
(36, 55, 4157.48, 166.30, 4323.78, 864.76, 5188.54, 864.76, 4323.78),
(37, 56, 1446.08, 57.84, 1503.92, 300.78, 1804.71, 300.78, 1503.92),
(38, 57, 3163.28, 126.53, 3289.81, 657.96, 3947.77, 657.96, 3289.81),
(39, 58, 4668.84, 186.75, 4855.59, 971.12, 5826.71, 971.12, 4855.59),
(40, 59, 2892.16, 115.69, 3007.85, 601.57, 3609.42, 601.57, 3007.85),
(41, 61, 3326.03, 133.04, 3459.07, 691.81, 4150.89, 691.81, 3459.07),
(42, 62, 2169.15, 86.77, 2255.92, 451.18, 2707.10, 451.18, 2255.92),
(43, 63, 3234.53, 129.38, 3363.91, 672.78, 4036.69, 672.78, 3363.91),
(44, 64, 3181.42, 127.26, 3308.68, 661.74, 3970.41, 661.74, 3308.68),
(45, 65, 2479.05, 99.16, 2578.21, 515.64, 3093.85, 515.64, 2578.21),
(46, 66, 1983.24, 79.33, 2062.57, 412.51, 2475.08, 412.51, 2062.57),
(47, 67, 3470.67, 138.83, 3609.50, 721.90, 4331.40, 721.90, 3609.50),
(48, 68, 2863.77, 114.55, 2978.32, 595.66, 3573.98, 595.66, 2978.32),
(49, 69, 3416.97, 136.68, 3553.65, 710.73, 4264.38, 710.73, 3553.65),
(50, 70, 2378.91, 95.16, 2474.07, 494.81, 2968.88, 494.81, 2474.07),
(51, 72, 4697.28, 195.72, 4893.00, 978.60, 5871.60, 978.60, 4893.00),
(52, 73, 3355.20, 139.80, 3495.00, 699.00, 4194.00, 699.00, 3495.00),
(53, 74, 2684.16, 111.84, 2796.00, 559.20, 3355.20, 559.20, 2796.00),
(54, 75, 4473.60, 186.40, 4660.00, 932.00, 5592.00, 932.00, 4660.00),
(55, 76, 4920.96, 205.04, 5126.00, 1025.20, 6151.20, 1025.20, 5126.00),
(56, 77, 4473.60, 186.40, 4660.00, 932.00, 5592.00, 932.00, 4660.00),
(57, 78, 4920.96, 205.04, 5126.00, 1025.20, 6151.20, 1025.20, 5126.00),
(58, 80, 3355.20, 139.80, 3495.00, 699.00, 4194.00, 699.00, 3495.00),
(59, 81, 4697.28, 195.72, 4893.00, 978.60, 5871.60, 978.60, 4893.00),
(60, 82, 2236.80, 93.20, 2330.00, 466.00, 2796.00, 466.00, 2330.00),
(61, 83, 4920.96, 205.04, 5126.00, 1025.20, 6151.20, 1025.20, 5126.00),
(62, 84, 4249.92, 177.08, 4427.00, 885.40, 5312.40, 885.40, 4427.00),
(63, 85, 80.01, 3.33, 83.34, 16.67, 100.01, 16.67, 83.34),
(64, 86, 4697.28, 195.72, 4893.00, 978.60, 5871.60, 978.60, 4893.00),
(65, 87, 3355.20, 139.80, 3495.00, 699.00, 4194.00, 699.00, 3495.00),
(66, 88, 4473.60, 186.40, 4660.00, 932.00, 5592.00, 932.00, 4660.00),
(67, 89, 4473.60, 186.40, 4660.00, 932.00, 5592.00, 932.00, 4660.00),
(68, 90, 5144.64, 214.36, 5359.00, 1071.80, 6430.80, 1071.80, 5359.00),
(69, 91, 3578.88, 149.12, 3728.00, 745.60, 4473.60, 745.60, 3728.00),
(70, 92, 4697.28, 195.72, 4893.00, 978.60, 5871.60, 978.60, 4893.00),
(71, 97, 200.00, 8.00, 208.00, 41.60, 249.60, 41.60, 208.00),
(72, 98, 4697.28, 195.72, 4893.00, 978.60, 5871.60, 978.60, 4893.00),
(73, 99, 4473.60, 186.40, 4660.00, 932.00, 5592.00, 932.00, 4660.00),
(74, 100, 1565.76, 65.24, 1631.00, 326.20, 1957.20, 326.20, 1631.00),
(75, 101, 4697.28, 195.72, 4893.00, 978.60, 5871.60, 978.60, 4893.00),
(76, 102, 4920.96, 205.04, 5126.00, 1025.20, 6151.20, 1025.20, 5126.00),
(77, 103, 4697.28, 195.72, 4893.00, 978.60, 5871.60, 978.60, 4893.00),
(78, 104, 3355.20, 139.80, 3495.00, 699.00, 4194.00, 699.00, 3495.00),
(79, 105, 3355.20, 139.80, 3495.00, 699.00, 4194.00, 699.00, 3495.00),
(80, 106, 4473.60, 186.40, 4660.00, 932.00, 5592.00, 932.00, 4660.00),
(81, 107, 4920.96, 205.04, 5126.00, 1025.20, 6151.20, 1025.20, 5126.00),
(83, 109, 3802.56, 158.44, 3961.00, 792.20, 4753.20, 792.20, 3961.00),
(84, 110, 4697.28, 195.72, 4893.00, 978.60, 5871.60, 978.60, 4893.00),
(85, 111, 4697.28, 195.72, 4893.00, 978.60, 5871.60, 978.60, 4893.00),
(86, 112, 4920.96, 205.04, 5126.00, 1025.20, 6151.20, 1025.20, 5126.00),
(87, 113, 1565.76, 65.24, 1631.00, 326.20, 1957.20, 326.20, 1631.00),
(88, 114, 4473.60, 186.40, 4660.00, 932.00, 5592.00, 932.00, 4660.00),
(89, 115, 4920.96, 205.04, 5126.00, 1025.20, 6151.20, 1025.20, 5126.00),
(90, 116, 4473.60, 186.40, 4660.00, 932.00, 5592.00, 932.00, 4660.00),
(91, 117, 3355.20, 139.80, 3495.00, 699.00, 4194.00, 699.00, 3495.00),
(96, 122, 4920.96, 205.04, 5126.00, 1025.20, 6151.20, 1025.20, 5126.00),
(97, 123, 4473.60, 186.40, 4660.00, 932.00, 5592.00, 932.00, 4660.00),
(98, 124, 3802.56, 158.44, 3961.00, 792.20, 4753.20, 792.20, 3961.00),
(99, 125, 4026.24, 167.76, 4194.00, 838.80, 5032.80, 838.80, 4194.00),
(100, 126, 4473.60, 186.40, 4660.00, 932.00, 5592.00, 932.00, 4660.00),
(101, 127, 4249.92, 177.08, 4427.00, 885.40, 5312.40, 885.40, 4427.00),
(102, 128, 4697.28, 195.72, 4893.00, 978.60, 5871.60, 978.60, 4893.00),
(103, 129, 1118.40, 46.60, 1165.00, 233.00, 1398.00, 233.00, 1165.00),
(104, 130, 2907.84, 121.16, 3029.00, 605.80, 3634.80, 605.80, 3029.00),
(105, 131, 3578.88, 149.12, 3728.00, 745.60, 4473.60, 745.60, 3728.00),
(106, 132, 4249.92, 177.08, 4427.00, 885.40, 5312.40, 885.40, 4427.00),
(107, 133, 2907.84, 121.16, 3029.00, 605.80, 3634.80, 605.80, 3029.00),
(108, 134, 3355.20, 139.80, 3495.00, 699.00, 4194.00, 699.00, 3495.00),
(110, 136, 4697.28, 195.72, 4893.00, 978.60, 5871.60, 978.60, 4893.00),
(111, 137, 4920.96, 205.04, 5126.00, 1025.20, 6151.20, 1025.20, 5126.00),
(112, 138, 4473.60, 186.40, 4660.00, 932.00, 5592.00, 932.00, 4660.00),
(113, 139, 4473.60, 186.40, 4660.00, 932.00, 5592.00, 932.00, 4660.00),
(115, 141, 4026.24, 167.76, 4194.00, 838.80, 5032.80, 838.80, 4194.00),
(116, 142, 4920.96, 205.04, 5126.00, 1025.20, 6151.20, 1025.20, 5126.00),
(121, 147, 4660.00, 186.40, 4846.40, 969.28, 5815.68, 969.28, 4846.40),
(118, 144, 4427.00, 177.08, 4604.08, 920.82, 5524.90, 920.82, 4604.08),
(119, 145, 1165.00, 46.60, 1211.60, 242.32, 1453.92, 242.32, 1211.60),
(120, 146, 5126.00, 205.04, 5331.04, 1066.21, 6397.25, 1066.21, 5331.04),
(122, 148, 2796.00, 111.84, 2907.84, 581.57, 3489.41, 581.57, 2907.84),
(123, 149, 3495.00, 139.80, 3634.80, 726.96, 4361.76, 726.96, 3634.80),
(125, 151, 4427.00, 177.08, 4604.08, 920.82, 5524.90, 920.82, 4604.08),
(128, 154, 5475.50, 219.02, 5694.52, 1138.90, 6833.42, 1138.90, 5694.52),
(130, 156, 4893.00, 195.72, 5088.72, 1017.74, 6106.46, 1017.74, 5088.72),
(131, 157, 4893.00, 195.72, 5088.72, 1017.74, 6106.46, 1017.74, 5088.72),
(132, 158, 0.00, 0.00, 0.00, 0.00, 0.00, 0.00, 0.00),
(133, 159, 3961.00, 158.44, 4119.44, 823.89, 4943.33, 823.89, 4119.44),
(134, 160, 4893.00, 195.72, 5088.72, 1017.74, 6106.46, 1017.74, 5088.72),
(135, 161, 3495.00, 139.80, 3634.80, 726.96, 4361.76, 726.96, 3634.80),
(136, 162, 4427.00, 177.08, 4604.08, 920.82, 5524.90, 920.82, 4604.08),
(137, 163, 9.62, 0.38, 10.00, 2.00, 12.00, 2.00, 10.00),
(138, 164, 4660.00, 186.40, 4846.40, 969.28, 5815.68, 969.28, 4846.40),
(139, 165, 3728.00, 149.12, 3877.12, 775.42, 4652.54, 775.42, 3877.12),
(140, 166, 3495.00, 139.80, 3634.80, 726.96, 4361.76, 726.96, 3634.80),
(141, 167, 3728.00, 149.12, 3877.12, 775.42, 4652.54, 775.42, 3877.12),
(145, 171, 233.00, 9.32, 242.32, 48.46, 290.78, 48.46, 242.32),
(144, 170, 4660.00, 186.40, 4846.40, 969.28, 5815.68, 969.28, 4846.40),
(151, 177, 4660.00, 186.40, 4846.40, 969.28, 5815.68, 969.28, 4846.40),
(150, 176, 4427.00, 177.08, 4604.08, 920.82, 5524.90, 920.82, 4604.08),
(149, 175, 4660.00, 186.40, 4846.40, 969.28, 5815.68, 969.28, 4846.40),
(152, 178, 4660.00, 186.40, 4846.40, 969.28, 5815.68, 969.28, 4846.40),
(153, 179, 10.00, 0.40, 10.40, 2.18, 12.58, 2.08, 10.50),
(154, 180, 5126.00, 205.04, 5331.04, 1119.52, 6450.56, 1066.21, 5384.35),
(155, 181, 4427.00, 177.08, 4604.08, 966.86, 5570.94, 920.82, 4650.12),
(156, 182, 5126.00, 205.04, 5331.04, 1119.52, 6450.56, 1066.21, 5384.35),
(157, 183, 3495.00, 139.80, 3634.80, 763.31, 4398.11, 726.96, 3671.15),
(158, 184, 4893.00, 195.72, 5088.72, 1068.63, 6157.35, 1017.74, 5139.61),
(160, 186, 5271.63, 210.87, 5482.49, 1151.32, 6633.81, 1096.50, 5537.31),
(161, 187, 4427.00, 177.08, 4604.08, 966.86, 5570.94, 920.82, 4650.12),
(163, 187, 4194.00, 167.76, 4361.76, 872.35, 5234.11, 872.35, 4361.76),
(164, 189, 4194.00, 167.76, 4361.76, 915.97, 5277.73, 872.35, 4405.38),
(165, 190, 5126.00, 205.04, 5331.04, 1119.52, 6450.56, 1066.21, 5384.35),
(166, 191, 3378.50, 135.14, 3513.64, 737.86, 4251.50, 702.73, 3548.78),
(167, 192, 5126.00, 205.04, 5331.04, 1119.52, 6450.56, 1066.21, 5384.35),
(168, 193, 4194.00, 167.76, 4361.76, 915.97, 5277.73, 872.35, 4405.38),
(169, 194, 1864.00, 74.56, 1938.56, 407.10, 2345.66, 387.71, 1957.95),
(170, 195, 5126.00, 205.04, 5331.04, 1119.52, 6450.56, 1066.21, 5384.35),
(171, 196, 4427.00, 177.08, 4604.08, 966.86, 5570.94, 920.82, 4650.12),
(172, 197, 4194.00, 167.76, 4361.76, 915.97, 5277.73, 872.35, 4405.38),
(174, 199, 4194.00, 167.76, 4361.76, 915.97, 5277.73, 872.35, 4405.38),
(177, 202, 3262.00, 130.48, 3392.48, 712.42, 4104.90, 678.50, 3426.40),
(179, 204, 4893.00, 195.72, 5088.72, 1068.63, 6157.35, 1017.74, 5139.61),
(180, 205, 4194.00, 167.76, 4361.76, 915.97, 5277.73, 872.35, 4405.38),
(181, 206, 4427.00, 177.08, 4604.08, 966.86, 5570.94, 920.82, 4650.12),
(185, 210, 4077.52, 163.10, 4240.62, 890.53, 5131.15, 848.12, 4283.03),
(186, 211, 4660.00, 186.40, 4846.40, 1017.74, 5864.14, 969.28, 4894.86),
(187, 212, 2097.00, 83.88, 2180.88, 457.98, 2638.86, 436.18, 2202.69),
(188, 213, 4194.00, 167.76, 4361.76, 915.97, 5277.73, 872.35, 4405.38),
(190, 215, 4893.00, 195.72, 5088.72, 1119.52, 6208.24, 1017.74, 5190.49),
(191, 216, 4427.00, 177.08, 4604.08, 1012.90, 5616.98, 920.82, 4696.16),
(192, 217, 4660.00, 186.40, 4846.40, 1066.21, 5912.61, 969.28, 4943.33),
(201, 226, 972.00, 0.00, 972.00, 213.84, 1185.84, 0.00, 1185.84),
(202, 227, 3888.00, 0.00, 3888.00, 855.36, 4743.36, 0.00, 4743.36),
(203, 228, 3888.00, 0.00, 3888.00, 855.36, 4743.36, 0.00, 4743.36),
(204, 229, 4131.00, 0.00, 4131.00, 908.82, 5039.82, 0.00, 5039.82),
(205, 230, 5500.00, 0.00, 5500.00, 1210.00, 6710.00, 0.00, 6710.00),
(206, 231, 4131.00, 0.00, 4131.00, 908.82, 5039.82, 0.00, 5039.82),
(207, 232, -5500.00, 0.00, -5500.00, -1210.00, -6710.00, 0.00, -6710.00),
(208, 233, 3645.00, 0.00, 3645.00, 801.90, 4446.90, 0.00, 4446.90),
(209, 234, 4131.00, 0.00, 4131.00, 908.82, 5039.82, 0.00, 5039.82),
(210, 235, 4860.00, 0.00, 4860.00, 1069.20, 5929.20, 0.00, 5929.20),
(211, 236, 1215.00, 0.00, 1215.00, 267.30, 1482.30, 0.00, 1482.30),
(212, 237, 3645.00, 0.00, 3645.00, 801.90, 4446.90, 0.00, 4446.90),
(213, 238, 3888.00, 0.00, 3888.00, 855.36, 4743.36, 0.00, 4743.36),
(214, 239, 5500.00, 0.00, 5500.00, 1210.00, 6710.00, 0.00, 6710.00),
(215, 240, 4131.00, 0.00, 4131.00, 908.82, 5039.82, 0.00, 5039.82),
(216, 241, 2673.00, 0.00, 2673.00, 588.06, 3261.06, 0.00, 3261.06),
(218, 243, -6710.00, 0.00, -6710.00, -1476.20, -8186.20, 0.00, -8186.20),
(219, 244, 3888.00, 0.00, 3888.00, 855.36, 4743.36, 0.00, 4743.36),
(220, 245, 4131.00, 0.00, 4131.00, 908.82, 5039.82, 0.00, 5039.82),
(221, 246, 4617.00, 0.00, 4617.00, 1015.74, 5632.74, 0.00, 5632.74),
(222, 247, 3645.00, 0.00, 3645.00, 801.90, 4446.90, 0.00, 4446.90),
(223, 248, 3645.00, 0.00, 3645.00, 801.90, 4446.90, 0.00, 4446.90),
(224, 249, 4374.00, 0.00, 4374.00, 962.28, 5336.28, 0.00, 5336.28),
(225, 250, 1215.00, 0.00, 1215.00, 267.30, 1482.30, 0.00, 1482.30),
(226, 251, 3402.00, 0.00, 3402.00, 748.44, 4150.44, 0.00, 4150.44),
(227, 252, 4374.00, 0.00, 4374.00, 962.28, 5336.28, 0.00, 5336.28),
(228, 253, 3645.00, 0.00, 3645.00, 801.90, 4446.90, 0.00, 4446.90),
(229, 254, 4009.50, 0.00, 4009.50, 882.09, 4891.59, 0.00, 4891.59),
(230, 255, 2916.00, 0.00, 2916.00, 641.52, 3557.52, 0.00, 3557.52),
(231, 256, 972.00, 0.00, 972.00, 213.84, 1185.84, 0.00, 1185.84),
(232, 257, 121.50, 0.00, 121.50, 26.73, 148.23, 0.00, 148.23),
(233, 258, 2916.00, 0.00, 2916.00, 641.52, 3557.52, 0.00, 3557.52),
(234, 259, 3402.00, 0.00, 3402.00, 748.44, 4150.44, 0.00, 4150.44),
(235, 260, 2916.00, 0.00, 2916.00, 641.52, 3557.52, 0.00, 3557.52),
(236, 261, 3888.00, 0.00, 3888.00, 855.36, 4743.36, 0.00, 4743.36),
(237, 262, 3888.00, 0.00, 3888.00, 855.36, 4743.36, 0.00, 4743.36),
(238, 263, 3888.00, 0.00, 3888.00, 855.36, 4743.36, 0.00, 4743.36),
(240, 265, 4131.00, 0.00, 4131.00, 908.82, 5039.82, 0.00, 5039.82),
(241, 266, 972.00, 0.00, 972.00, 213.84, 1185.84, 0.00, 1185.84),
(242, 267, 3888.00, 0.00, 3888.00, 855.36, 4743.36, 0.00, 4743.36),
(243, 268, 1944.00, 0.00, 1944.00, 427.68, 2371.68, 0.00, 2371.68),
(244, 269, 1944.00, 0.00, 1944.00, 427.68, 2371.68, 0.00, 2371.68),
(245, 270, 1944.00, 0.00, 1944.00, 427.68, 2371.68, 0.00, 2371.68),
(246, 271, 1701.00, 0.00, 1701.00, 374.22, 2075.22, 0.00, 2075.22),
(247, 272, 1944.00, 0.00, 1944.00, 427.68, 2371.68, 0.00, 2371.68),
(248, 273, 2187.00, 0.00, 2187.00, 481.14, 2668.14, 0.00, 2668.14),
(249, 274, 729.00, 0.00, 729.00, 160.38, 889.38, 0.00, 889.38),
(250, 275, 1215.00, 0.00, 1215.00, 267.30, 1482.30, 0.00, 1482.30);

/*!40101 SET CHARACTER_SET_CLIENT=@OLD_CHARACTER_SET_CLIENT */;
/*!40101 SET CHARACTER_SET_RESULTS=@OLD_CHARACTER_SET_RESULTS */;
/*!40101 SET COLLATION_CONNECTION=@OLD_COLLATION_CONNECTION */;
